word,combined_rank,small_talk_rank,consultation_rank,meeting_rank,class_rank,outdoors_rank,school_rank,transportation_rank,public_commercial_rank,home_rank,indoors_rank,workplace_rank,male_rank,female_rank,ADNO,ANIME_JDRAMA,AOZORA_BUNKO,BCCWJ,CC100,CHRISKEMPSON,DAVE_DOEBRICK,DD2_MIGAKU_NETFLIX,DD2_MIGAKU_NOVELS,DD2_MORPHMAN_NETFLIX,DD2_MORPHMAN_NOVELS,DD2_MORPHMAN_SHONEN,DD2_MORPHMAN_SOL,DD2_YOMICHAN_NOVELS,DD2_YOMICHAN_SHONEN,DD2_YOMICHAN_SHONEN_STARS,DD2_YOMICHAN_SOL,DD2_YOMICHAN_VN,HERMITDAVE_2016,HERMITDAVE_2018,H_FREQ,ILYASEMENOV,INNOCENT_RANKED,JITEN_ANIME,JPDB,KOKUGOJITEN,MONODICTS,NAROU,NETFLIX,NIER,NOVELS,VN_FREQ,WIKIPEDIA_V2,YOUTUBE_FREQ,YOUTUBE_FREQ_V3
何,21,19,22,29,30,11,17,21,22,18,18,25,23,19,429,27,8,111,87,24,24,21,31,23,56,22,27,56,22,20,24,46,26,33,9,14353,87,45,145,332,203,13,24,27,51,7,556,44,53
無い,29,29,29,35,37,28,27,23,30,25,28,35,29,29,1443,3119,-1,44,28,29,2991,3089,19,20,1143,19,21,18,1683,1561,1411,270,4360,4117,211,12211,27,51,30,1383,701,4,3136,200,519,3,653,64,241
有る,37,37,39,38,35,35,38,34,36,38,41,38,36,36,11951,28,-1,30,21,61,26,22662,16,30,4688,34,37,3,18371,17224,9391,4829,457,494,4550,2113,11,28,16,1661,985,5,27,1862,3121,12,5853,219,1401
御,47,42,50,65,60,38,76,48,47,41,42,54,59,39,912,2875,207,69,31,18549,4339,3997,29,28,290,31,25,874,2198,2039,1277,1861,1483,1590,2028,7623,22327,288,193,166,159,18,4471,5399,354,13,1495,2966,733
事,53,59,51,41,45,60,54,70,56,54,63,43,49,57,266,83,73,28,18,42,372,359,1986,29,222,25,29,6,973,904,635,100,55,75,35,1676,215,21,14,159,93,6,280,28,172,5,206,80,112
其の,60,64,58,51,59,71,65,69,61,60,68,51,58,61,20811,49,-1,46,43,57,61,52,24,58,8248,52,65,5,2855,2661,60,40,61,71,21164,878,5,54,25,2297,1807,10,61,37,5145,18,15331,40,48079
人,64,61,62,58,84,69,67,59,62,72,59,63,63,62,37,41,7,98,36,32,35,69,99,76,34,97,76,20,97,88,71,50,57,67,39,893,26,133,630,29,26,44,34,100,46,40,31,33,41
私,73,74,70,94,82,68,76,126,66,78,73,89,218,50,796,35,26,84,58,18,27,23,40,861,46,421,282,265,45,42,30,43,23,27,1,985,9,50,220,1230,1098,20,26,51,49,14,929,69,57
今,74,77,78,72,78,76,88,104,72,76,77,74,71,78,832,81,19,186,97,72,79,65,2635,71,136,60,78,202,60,55,73,92,82,91,15,1193,71,94,456,571,349,32,79,78,98,33,829,81,58
時,78,82,88,76,65,96,84,88,76,84,84,81,81,79,67,121,13,86,66,129,81,94,14295,101,100,143,171,117,200,183,181,118,93,105,76,5165,113,379,156,112,76,40,83,89,105,42,54,59,72
方,87,90,81,71,80,87,82,78,88,95,86,82,88,87,325,155,16,136,61,153,228,318,193,211,125,172,165,183,370,341,364,108,130,149,40,8748,93,360,215,174,144,59,230,189,103,61,502,58,49
二,88,91,69,76,99,166,74,79,93,83,88,86,79,94,107,353,30,49,409,2433,644,5,6,5,48,5,6,29,5,5,6,134,323,358,440,1698,137,661,3,34,27,54,591,339,91,124,77,247,275
此処,91,103,67,103,46,70,102,64,100,99,87,84,92,89,561,78,1359,213,194,99,69,68,77,74,4851,67,90,51,67,61,18032,6676,2386,3207,7019,16651,124,75,53,16477,14208,53,70,4682,6756,44,775,74,26759
後,93,97,84,78,88,113,79,133,92,100,104,83,90,95,32,367,34,206,166,526,209,287,310,184,203,205,179,66,543,500,575,246,140,160,221,1268,266,192,142,144,66,66,208,144,147,87,40,152,153
俺,102,89,154,121,548,166,52,108,89,97,129,146,65,620,4460,42,714,398,482,30,36,36,64,40,147,28,43,773,28,25,39,23,45,54,423,7366,116,105,612,20881,14007,9,36,218,75,6,2632,108,108
三,106,112,93,92,214,152,109,107,114,103,100,99,95,115,146,452,55,56,548,2161,1080,34,41,38,69,40,30,46,40,37,27,359,753,807,771,2709,309,1627,32,57,35,71,797,811,111,153,82,337,448
皆,110,107,125,101,91,107,126,95,105,118,103,107,113,103,4683,1131,185,350,110,116,356,210,15288,130,1083,122,117,215,339,313,266,593,198,221,1494,21750,149,125,128,1949,1403,117,374,313,506,76,6115,624,104
前,114,110,139,124,99,135,140,121,101,116,123,126,114,113,115,118,15,209,90,164,93,88,15035,95,94,116,122,32,116,107,115,120,97,109,64,3666,133,196,826,157,100,45,93,153,90,52,85,138,136
話,120,124,128,102,397,142,105,152,118,132,169,109,110,141,424,146,29,271,126,112,88,86,2599,93,137,159,144,70,159,146,135,126,68,79,323,23585,104,220,6877,336,298,56,90,175,125,66,100,73,106
年,132,119,183,161,196,179,103,160,121,138,135,145,117,141,11,148,115,74,37,117,91,90,6933,97,117,197,178,47,197,180,169,397,128,145,1013,948,118,320,1462,37,28,206,91,304,116,250,8,83,91
所,134,146,107,117,135,122,143,110,128,156,153,115,123,136,82,442,172,153,118,256,349,333,262,257,349,177,176,268,394,365,399,622,153,185,272,22241,103,279,96,120,103,52,338,483,319,59,127,274,284
書く,135,154,111,115,54,161,153,149,140,134,170,103,127,133,4039,394,-1,282,129,303,345,336,147,351,223,866,353,232,866,802,336,665,16032,15482,768,10698,176,719,745,162,105,426,367,862,276,396,667,129,164
未だ,143,134,148,163,171,132,188,136,147,124,133,149,147,137,5952,126,-1,339,401,121,111,13283,112,118,5799,107,134,85,15975,14971,19973,2606,2406,2849,10325,9042,108,122,78,9837,7926,106,114,8802,2496,85,9838,17775,4851
物,149,175,116,120,113,179,245,264,144,187,180,113,151,150,279,724,74,60,50,152,313,323,641,116,398,102,106,12,633,588,569,536,207,247,445,11653,31,129,46,73,62,25,318,208,413,29,343,77,261
達,153,153,145,159,234,131,178,154,133,188,146,171,170,144,763,310,237,145,142,478,950,776,47,59,603,46,67,64,680,630,365,232,95,111,394,15834,882,152,86,2634,2570,15,982,35,246,32,460,493,688
的,154,181,146,105,144,116,116,227,143,208,304,117,126,189,29,870,154,65,277,482,667,126,71,133,102,253,189,37,253,235,180,564,120,134,206,22461,263,909,9696,124,104,50,73,1088,84,83,35,148,205
中,174,182,156,161,203,150,269,165,193,157,194,143,163,180,50,136,6,110,82,133,99,151,221,159,70,156,227,62,156,143,216,93,98,110,4,788,36,197,728,70,50,46,99,82,70,47,46,51,63
又,175,175,167,172,171,157,242,149,192,192,143,157,186,163,2407,15922,209,149,84,131,115,24471,76,221,1687,242,169,5255,18923,17736,14289,23672,3526,3724,8767,1677,62,136,81,2915,1264,190,2033,80,1853,122,6313,4878,3490
良く,181,162,198,245,171,244,210,162,183,163,157,201,184,167,3222,183,-1,270,268,219,24531,13386,114,158,165,191,185,81,191,176,9081,14322,1226,1430,8118,13452,138,228,125,348,272,158,156,2038,5870,147,962,5751,3185
子,190,167,226,262,548,117,188,211,163,185,236,231,258,152,252,166,111,505,458,159,175,146,611,154,195,206,135,125,206,189,126,163,182,211,36,2854,397,319,1735,175,154,219,166,194,195,109,291,795,477
君,191,165,214,350,833,139,374,130,209,121,214,310,190,184,1924,62,208,573,1393,44,45,62,123,183,161,90,80,570,90,82,74,160,42,52,25,7200,94,255,929,532,452,198,44,126,168,46,1051,532,370
好き,193,160,281,440,722,291,313,451,173,168,164,259,212,166,1666,201,-1,499,182,157,150,148,231,156,376,312,136,253,312,288,127,151,189,205,20,15163,373,283,2720,4816,3536,365,159,465,289,99,987,212,221
嫌,202,187,231,352,397,166,235,165,222,171,177,284,245,178,9187,435,494,1095,972,46,514,450,208,452,1299,534,543,979,534,491,563,410,467,507,233,6747,120,115,72,7130,6328,318,524,1021,635,132,11600,419,709
僕,203,198,317,133,833,251,188,219,189,286,236,163,122,902,3142,93,369,257,237,75,67,59,62,10587,152,8445,15613,877,85,78,84,77,75,87,139,2814,41,260,706,4921,4080,77,68,53,115,39,2205,112,116
個,205,201,192,239,339,269,203,219,224,177,183,237,225,192,740,1084,2246,1610,1160,1550,1337,1303,757,1343,1517,1447,1359,1114,1447,1343,1312,2437,1451,1425,2129,15979,2998,2733,1735,580,624,1500,986,3205,1710,1973,1089,270,260
上,212,205,202,281,171,117,294,264,205,210,216,237,209,210,85,322,4,253,171,532,299,326,351,340,127,352,491,50,352,324,470,231,212,234,108,1964,141,351,808,64,52,119,220,389,131,155,99,168,130
母,225,210,207,1587,283,269,1362,297,243,142,230,529,271,203,830,841,272,742,1068,137,378,166,7825,175,381,314,152,322,314,290,143,1425,242,268,1027,1108,278,892,510,979,903,378,383,1481,282,263,586,3380,2134
生,226,227,253,214,234,392,117,382,213,209,363,265,210,241,216,1546,22,638,2146,968,1092,515,296,535,942,774,200,427,774,714,191,1353,715,669,469,4504,945,2803,8171,453,495,986,805,833,325,588,374,614,1002
風,244,312,202,146,153,315,251,433,250,339,297,170,221,271,1000,609,48,553,1219,765,785,1443,695,1487,293,746,1024,145,746,691,986,346,802,871,243,2638,245,1148,10020,240,206,533,801,1239,338,459,562,251,239
分,251,271,189,325,460,186,354,179,263,267,274,249,254,253,183,329,102,457,288,239,179,266,972,278,280,614,660,206,614,570,633,407,157,183,395,6137,477,489,1725,551,438,383,181,506,281,433,98,192,172
同じ,266,267,263,308,234,422,374,288,239,311,300,242,264,265,261,203,-1,261,156,233,160,248,119,260,175,289,274,130,289,268,261,198,171,195,225,4288,154,232,3855,51,74,148,169,417,174,181,283,165,178
例えば,268,353,191,174,166,698,232,433,275,373,445,166,210,352,923,1551,-1,430,535,1213,1333,1291,499,1331,3688,2172,1398,768,2172,2014,1348,2310,1852,1918,1216,54,960,1648,942,2052,2091,1568,1403,7768,1966,1075,1518,217,186
内,270,283,305,188,548,474,284,362,271,311,304,210,248,300,98,862,239,255,357,151,1217,1363,478,448,513,349,356,389,1653,1535,2108,383,815,867,670,4053,304,244,30,254,190,252,1132,394,455,236,134,726,590
次,279,315,266,204,214,513,261,211,314,342,239,239,269,287,144,227,108,259,243,362,184,188,1231,197,326,214,234,162,214,197,223,400,260,293,133,21272,537,256,4257,876,592,211,185,224,278,259,139,216,135
金,288,294,245,302,1733,303,452,382,267,287,316,312,259,324,361,402,176,882,804,306,320,234,839,244,268,582,748,231,582,539,719,1608,172,208,1634,561,299,1285,406,230,243,374,322,1004,331,789,303,684,828
父,298,250,537,1587,429,205,2391,264,362,214,229,589,373,246,400,679,307,852,1460,495,358,158,3023,166,313,211,193,308,211,194,184,1967,167,186,2031,288,311,1282,14041,958,870,498,360,3094,263,492,403,2814,2008
屋,307,282,340,715,1259,698,2391,227,285,294,277,401,314,309,1053,727,419,1145,1295,963,1449,988,187,1021,333,896,470,330,896,832,449,1923,1009,1099,1947,24,971,2317,61,687,886,704,1450,1946,487,751,727,1814,1464
唯,315,381,267,207,270,367,235,328,332,403,395,226,281,351,12522,6119,919,662,419,211,8124,22170,129,517,6532,488,541,101,7464,6982,509,7784,8532,9755,17975,194,135,252,103,7299,5812,410,6933,450,3568,293,6255,94,41588
朝,327,320,309,661,627,788,412,278,325,301,338,377,348,324,667,644,161,1101,589,659,645,638,3772,664,442,1265,606,302,1265,1177,580,482,662,694,498,2584,516,885,2347,635,582,863,662,2813,571,352,574,1268,860
先,351,369,420,258,429,338,313,165,373,416,421,345,335,361,735,326,62,557,427,734,293,243,3417,255,253,271,301,136,271,252,286,234,348,373,60,10085,658,337,7137,330,281,157,282,373,230,169,788,282,326
貴方,356,315,490,801,1001,422,1362,633,397,232,333,713,503,295,21337,22219,2800,281,199,54,10328,8834,74,73,2098,128,148,143,4651,4348,18040,870,310,434,71,5537,77,169,100,3845,4138,121,10734,245,1874,71,21522,4007,6867
頃,360,321,803,432,460,447,629,546,362,319,358,406,355,364,305,612,107,470,289,1719,571,506,6461,525,375,961,742,507,961,893,752,531,565,628,729,1695,907,1529,600,292,56,342,601,2614,392,285,329,575,623
番,362,425,309,322,171,2405,354,744,448,358,301,327,315,426,302,558,1185,1347,1381,990,379,335,1530,350,1101,351,585,544,351,323,561,1796,465,500,1300,17800,2376,876,3796,1121,864,1201,401,9788,947,1065,273,732,454
枚,367,452,216,460,460,904,251,633,395,435,233,553,330,403,433,525,1250,1265,645,3489,1023,987,345,1020,637,975,860,407,975,906,829,1288,1524,1739,1343,5380,3119,2633,386,680,507,536,1070,1815,739,974,426,351,422
歳,368,335,396,2913,429,557,197,451,411,354,297,610,412,338,174,594,492,344,247,473,255,253,228,265,347,1338,1378,248,1338,1243,1328,1950,439,461,1571,14617,423,1439,2756,813,602,650,265,9485,407,2990,180,523,451
本,370,430,263,460,256,557,975,685,337,367,316,529,377,367,134,384,249,788,172,179,325,658,244,684,236,529,647,142,529,486,620,353,415,453,492,2606,313,1147,2126,137,92,508,324,298,215,414,95,163,192
茶,371,325,573,928,548,186,1362,744,495,293,270,692,555,306,3825,3123,497,2763,2066,380,5617,1248,9771,1287,1997,1141,905,594,1141,1058,872,5739,1951,1905,8274,8566,735,1841,3675,733,1107,943,4584,549,1099,684,3445,7121,2780
丁度,386,373,396,472,1001,291,848,362,426,392,369,377,380,383,6756,934,606,1705,1912,1525,1469,22755,383,1427,6152,1114,937,455,1114,1034,20094,3255,3727,4406,2246,18834,802,1479,437,3874,20605,775,1545,1991,4291,657,9194,4334,4136
強い,387,344,550,928,298,620,524,744,289,412,521,589,353,426,859,230,-1,425,315,873,303,303,203,317,340,144,399,199,144,131,379,203,9611,9706,128,14949,715,340,3530,267,211,123,317,290,250,148,488,284,250
水,387,351,409,1587,548,161,4014,362,377,316,521,692,424,357,536,543,129,571,445,924,414,412,2014,429,321,565,561,195,565,522,539,472,485,510,828,768,433,821,7445,131,132,281,410,702,400,463,472,400,362
度,390,413,319,536,371,904,759,315,397,378,346,457,366,408,166,472,386,315,420,302,454,159,328,167,208,181,239,76,181,168,227,427,168,190,251,7028,356,1617,538,377,313,86,447,763,143,86,234,485,571
頭,402,385,461,581,270,324,284,1168,345,438,468,511,388,400,870,399,61,486,562,515,262,271,1169,283,159,358,466,92,358,330,445,180,273,302,51,8598,150,545,4190,304,303,99,269,1132,153,119,766,425,474
者,405,490,346,239,1733,474,313,546,441,582,645,258,317,540,35,241,53,95,249,338,201,91,96,98,86,174,251,34,174,161,238,282,80,94,638,16417,119,440,46,80,60,41,197,228,83,203,28,403,184
勿論,407,437,344,387,371,698,524,1428,382,488,476,328,400,399,21822,463,486,510,407,460,24797,20462,222,320,3696,666,591,236,666,24138,16540,3739,2372,2902,1630,14273,374,444,175,23437,20841,249,323,1368,3065,270,20432,9158,4490
店,415,378,390,1910,1001,1050,848,451,397,356,416,529,466,371,403,503,526,1027,758,323,338,344,608,359,328,1072,699,495,1072,995,672,667,540,588,831,18989,389,1401,20560,906,908,413,346,1661,335,383,254,529,175
形,424,576,295,288,460,904,686,633,446,578,556,280,324,594,154,1123,190,506,505,1127,1171,1259,750,1298,520,1144,1396,290,1144,1061,1346,568,1756,1830,436,6826,535,1181,2255,75,57,455,1197,1448,435,430,173,324,210
味,428,359,620,7639,722,513,2391,2712,435,342,328,825,555,360,4050,858,380,1565,1012,817,701,707,853,735,1315,1056,1044,1083,1056,980,1006,854,1931,1946,231,14904,1392,1557,10562,1320,1079,894,698,4963,1310,672,3009,958,416
色,435,483,285,967,833,201,686,984,411,478,505,475,574,364,662,972,140,887,539,1256,840,828,1525,859,365,1369,1109,225,1369,1269,1068,909,1345,1447,898,4306,470,1386,9597,184,169,461,817,626,384,548,247,456,349
夜,443,425,425,621,1733,1304,1362,328,370,403,530,692,448,434,1142,549,91,769,591,463,380,403,2220,420,230,432,558,139,432,400,536,274,339,385,725,3662,209,706,569,439,328,545,395,1531,317,257,767,823,780
酒,453,400,652,2451,339,1304,759,382,325,533,597,917,419,484,2419,947,334,1815,1269,1218,566,583,1093,608,446,1495,1649,416,1495,1385,1591,1426,932,984,3991,6333,588,2669,10543,284,280,610,538,1061,710,1224,2086,1891,1213
超,458,419,652,736,429,447,572,744,408,412,468,978,541,408,884,536,2435,2872,1506,1059,922,757,773,787,1746,396,379,1389,396,367,360,1485,1268,1141,278,2678,3694,1071,5976,3843,3252,1247,864,705,1498,1034,571,793,755
親,459,430,490,638,1733,620,975,633,383,592,511,488,514,433,1672,728,240,924,815,540,721,674,15365,700,984,1133,1062,715,1133,1051,1024,1844,1376,1407,2643,14187,1118,1341,689,638,578,1410,731,2771,992,1287,1447,1167,1079
間,460,466,468,511,397,367,452,362,467,513,521,501,455,460,91,506,12,287,298,623,460,374,828,390,186,387,422,107,387,358,402,325,263,299,155,7153,207,552,1956,128,109,147,475,474,154,177,103,404,268
初めて,461,419,550,928,1259,392,975,858,426,568,431,520,531,426,428,455,-1,568,335,15267,322,327,238,341,677,510,407,614,510,468,387,364,548,571,166,7808,739,416,1039,1369,1164,375,342,2084,457,224,663,615,468
系,467,483,372,736,1001,324,452,858,478,520,600,406,492,450,168,2109,5780,975,371,2191,2033,1316,781,1356,1902,1874,1979,1351,1874,1741,1911,2257,1890,1977,2161,6489,2395,2410,6919,621,635,728,1864,1223,1259,1500,132,682,567
書,468,855,242,348,429,557,686,4667,606,693,1590,232,393,561,475,3659,46,630,1896,3263,3789,680,490,707,917,1240,1294,555,1240,1153,1248,7468,267,300,5115,10831,2146,4166,1096,321,234,1060,3760,1105,804,1186,526,2510,1652
用,484,596,353,425,833,1050,487,362,499,533,481,543,553,447,192,673,246,606,399,725,420,629,396,655,624,968,889,305,968,900,858,914,409,455,838,23706,675,582,131,246,185,537,359,262,500,888,202,418,580
声,488,456,725,550,1001,409,245,481,545,597,395,769,485,510,1019,186,86,337,390,208,217,393,2525,410,96,501,260,43,501,460,247,107,503,527,23,652,65,349,7366,349,261,67,139,409,92,64,218,371,405
外,491,515,461,550,627,447,430,362,569,592,556,423,509,490,798,500,58,878,905,496,384,416,1305,433,271,571,734,187,571,528,706,446,240,275,417,12122,230,517,7571,391,348,280,384,468,307,330,693,597,625
元々,494,479,745,607,298,904,629,1168,386,553,687,631,475,519,2013,5685,-1,1849,1519,5045,6277,6651,715,3010,8531,1483,1827,1052,9670,9065,10150,2303,7202,7142,4089,1495,8762,1641,585,13549,20761,910,6529,2248,3039,1097,2299,1634,1675
特に,500,627,368,399,627,1050,487,744,524,684,805,332,472,537,331,1269,-1,406,263,1215,924,919,429,952,1193,1282,980,644,1282,1193,942,747,1004,1086,801,128,787,982,1850,148,99,385,979,853,771,524,450,416,331
楽,524,542,573,536,722,422,524,481,534,742,498,543,581,502,2315,1560,292,3106,1345,1176,838,1025,3105,1059,1680,1111,1566,750,1111,1032,1512,1550,1622,1646,566,17720,1307,1051,6121,767,1014,1191,880,810,1474,1151,2934,694,1310
彼,527,487,745,1014,722,2405,1118,590,461,426,669,1022,438,674,113,304,80,175,206,251,74,66,43,72,61,264,567,146,264,246,545,276,34,44,551,3259,28,650,2540,926,834,63,76,140,74,197,210,518,291
実,539,665,509,536,162,620,629,1896,435,1042,986,414,501,615,1258,1339,106,867,406,3550,1557,380,2454,396,1270,383,397,186,383,354,377,3418,545,609,2218,6353,3597,2654,11210,653,690,401,1641,553,389,381,1134,2414,220
山,540,497,633,1910,1259,1050,2391,346,577,597,407,803,555,551,309,713,145,960,1291,864,891,813,924,844,371,897,778,221,897,833,749,1495,1035,1045,3059,2865,430,1340,3776,176,178,730,859,1968,417,1060,445,844,1022
性,548,644,478,392,1259,698,572,2712,490,787,986,401,427,796,73,2763,804,224,891,2047,1854,366,245,382,373,628,783,227,628,583,754,1966,344,379,909,7909,1391,5223,250,328,267,191,1599,2692,273,357,117,566,940
横,548,603,875,928,122,513,1118,382,424,623,775,1167,614,517,2607,2576,181,1547,1763,3637,1741,1664,8118,1711,508,3521,2471,328,3521,3286,2388,862,1886,2000,487,9076,1459,3362,5400,752,644,427,1811,2326,479,688,2132,829,853
男,556,492,725,3549,833,904,1118,858,534,494,451,1124,682,494,697,153,68,329,597,120,109,117,2278,124,82,170,252,58,170,157,239,200,125,147,78,4105,35,367,8762,274,262,84,111,508,112,139,399,535,756
市,571,536,662,1014,2876,392,261,451,803,787,427,729,546,608,42,1779,1026,323,1754,1306,2483,1863,92,1916,1031,4450,4162,937,4450,4161,4012,2456,1395,1625,5386,2535,1741,4736,45,152,106,4909,2333,377,481,3644,26,255,839
大分,572,550,833,691,548,698,975,744,504,671,600,631,605,565,2258,23798,1150,5726,3456,2237,3103,2799,929,2883,4635,1995,2279,5146,1995,1851,14743,6658,14748,16370,2417,9433,1858,1685,613,5140,4471,1722,3291,2710,5609,1609,1397,3334,3804
代,578,511,833,1587,1259,1304,397,451,473,709,986,729,566,600,97,1111,192,650,348,1239,1128,796,1223,827,763,617,2544,449,617,572,2459,3117,1448,1675,4388,22055,1834,3913,542,226,183,1687,1115,2848,656,2198,286,1012,673
園,590,544,745,1152,1259,291,2391,481,612,605,597,825,720,515,815,2839,2831,2120,4354,1675,1877,2092,1061,2152,2405,2906,1781,1781,2906,2708,1720,7706,3001,1326,11887,878,2138,8814,25,1990,2315,6086,2291,37,2086,4729,1327,1319,3852
感,596,582,725,715,627,513,430,1168,473,953,916,620,637,571,1381,3842,39,962,698,3032,3257,820,6251,851,668,1148,837,400,1148,1064,806,1162,416,438,591,4310,2299,3201,2799,1105,1246,397,1632,3728,371,304,1609,627,548
点,607,686,685,440,339,513,430,590,640,742,1180,448,530,734,214,760,257,364,280,446,697,565,898,588,464,767,845,283,767,709,814,985,826,878,1762,5070,515,1294,3768,382,310,653,465,2016,527,708,305,329,308
線,627,568,833,1152,2876,4170,1705,315,631,431,951,1339,574,711,80,2577,1111,1246,1048,2412,2827,1652,600,1698,970,2403,2732,593,2403,2232,2640,3063,890,969,3750,9231,1725,3375,1201,544,480,2648,2795,9094,917,2261,63,961,605
左,627,586,1169,1910,214,698,1705,222,830,448,1079,978,619,648,1181,1154,353,1890,2433,1846,1107,1426,3327,1469,755,1863,2888,599,1863,1731,2788,2340,1098,1181,170,4492,1049,2081,18516,692,561,2092,1139,3722,1024,2354,995,1338,815
右,631,582,899,2451,328,788,1705,241,1037,407,916,1051,631,648,1512,882,298,1605,2460,1828,1316,1572,7268,1618,619,1720,2325,616,1720,1595,2253,2130,996,1124,153,5071,866,1865,15608,921,879,1732,1350,3097,1112,1886,625,1234,786
第,641,850,478,414,429,1304,759,481,524,1042,1313,536,574,749,36,385,2569,134,111,2908,351,320,135,334,218,269,703,115,269,250,676,1105,405,439,1129,2621,2254,692,542,253,128,260,321,844,190,729,23,182,252
口,656,617,956,1014,497,904,686,744,657,651,566,945,948,522,901,544,57,590,778,842,435,405,5011,422,155,481,661,91,481,443,634,154,530,576,79,7064,253,874,2296,265,221,104,433,1137,145,105,773,668,718
急,658,631,780,967,1001,904,303,382,727,887,631,786,800,571,2910,602,121,2027,1418,2056,769,731,5631,761,558,821,597,311,821,759,573,592,311,330,678,20190,3464,852,3583,1464,1179,834,737,1220,621,387,2989,1092,1201
式,667,653,563,1910,1259,474,1362,1896,772,887,403,885,727,626,193,2332,1153,1058,1357,2351,1242,632,1606,658,1156,1754,933,702,1754,1628,897,2889,852,947,4292,6025,1598,3035,1394,567,553,1202,1231,1257,883,1356,191,964,1513
道,672,574,983,4754,1733,338,4014,152,954,1126,687,1089,770,603,333,460,139,767,886,732,483,510,2543,530,284,539,811,166,539,496,781,656,426,436,1614,3398,332,625,7090,249,231,481,313,1334,373,582,111,865,665
要,673,808,385,1231,1733,620,848,590,647,659,1180,654,490,1233,6640,5732,423,5445,3249,2820,6844,5403,3727,5535,5450,3343,5778,2238,3343,3120,5570,9403,532,578,2982,3841,3645,4932,131,4113,3055,3662,340,1756,3097,2723,2575,4775,1227
無し,677,951,563,337,1259,788,354,858,852,742,1033,501,660,722,6214,20782,-1,1575,1148,15098,13250,7276,14921,408,10182,639,857,329,7463,6981,7836,4945,861,957,1914,1613,11030,813,462,2272,5559,693,13720,1871,5724,622,5572,2381,3245
花,705,694,707,7639,312,184,848,4667,772,887,805,1051,970,585,1109,481,187,773,822,854,602,847,2736,878,504,1013,411,358,1013,940,391,384,1399,1553,931,2615,893,1253,1846,93,90,942,551,418,454,673,431,1518,1037
必ず,709,790,581,592,1001,1688,975,858,616,1229,669,669,702,749,2077,406,-1,945,442,547,534,508,395,528,1093,402,1175,473,402,372,1132,1240,745,791,1492,18498,934,513,3580,2491,1906,1058,557,1243,840,1001,3486,802,643
歌,714,640,1224,1459,1001,214,1362,2712,621,623,2907,1466,538,1175,626,1013,404,1359,1747,908,774,801,2002,832,816,2207,1051,975,2207,2048,1013,1365,638,704,4031,933,793,2015,6499,317,341,3010,754,2052,1081,1464,388,1725,1457
勝つ,732,600,7212,2451,627,4170,975,4667,1056,693,387,1466,740,773,10331,383,-1,2591,1851,611,482,452,634,470,1696,329,507,1568,329,304,485,1148,4844,5169,1412,794,878,491,814,2444,2310,469,503,871,1461,716,3177,796,858
兎に角,732,774,662,876,627,1304,1362,984,692,985,714,654,686,831,15816,466,-1,1464,1684,583,561,544,336,567,599,474,614,388,474,438,22413,23414,731,804,24032,24157,605,530,248,24189,17917,1076,589,2307,22826,461,16757,718,46393
絵,741,964,725,399,1259,1050,2391,2712,954,659,1126,501,846,690,1621,773,878,1634,1322,1095,791,859,5645,890,820,1451,741,643,1451,1347,713,2225,1214,1442,3651,7479,1312,2487,109,535,583,2029,826,294,979,1558,1203,443,638
県,741,733,875,801,1733,788,430,1896,1147,868,573,684,619,986,51,3511,4149,434,2473,834,5881,4222,1490,4331,1515,5461,2976,1878,5461,5100,2871,10047,13553,16660,12023,4104,1701,13066,2164,169,145,15156,6132,7822,1343,7714,27,759,603
雨,749,686,820,3549,1733,698,1118,481,621,824,733,2443,846,702,3213,970,408,1413,956,1446,1173,1273,4155,1312,699,1270,663,458,1270,1182,636,802,1515,1592,1910,7442,813,1558,6878,514,518,1840,1171,3841,899,959,2198,2052,1604
裏,749,778,662,928,1001,620,848,1896,682,762,887,945,686,880,1910,1091,418,2884,2225,1051,1334,1135,4484,1170,985,1127,1497,717,1127,1045,1445,1549,1166,1250,314,14765,1186,248,2776,705,884,1027,1392,4017,978,979,1382,790,1007
長,749,1116,932,302,2876,698,629,858,920,2692,1238,398,536,1472,120,1307,72,845,2814,9626,1178,517,230,537,481,555,895,763,555,512,864,3586,292,320,5250,3686,16181,1731,5976,399,427,474,1118,2226,415,448,208,2029,1156
女,766,677,1027,4754,1733,1050,2391,984,748,742,704,978,930,683,873,233,76,455,908,170,157,163,2767,172,106,259,376,103,259,241,357,301,221,249,168,3339,58,500,8579,223,196,270,157,504,158,228,361,1305,1333
魚,770,694,1109,4754,460,2405,2391,685,606,1535,687,917,1247,600,2566,1120,969,2190,2253,1110,969,1048,2582,1082,1305,1406,1568,1085,1406,1303,1514,2081,1996,1981,3582,4597,1625,840,7261,335,329,1294,998,491,1849,2130,1985,2821,1130
彼女,784,700,1352,1587,627,698,759,2712,665,742,759,1808,1355,594,502,297,566,298,387,186,98,96,75,103,101,712,426,295,712,658,406,116,63,77,267,7381,47,619,14155,7663,5708,72,101,214,101,69,539,1122,1074
大,792,785,1224,715,460,1688,2391,1428,621,824,1486,825,714,911,79,319,14,408,499,654,402,284,189,297,183,237,552,124,237,220,530,586,437,464,644,2751,509,755,542,153,150,214,296,439,228,428,68,402,490
紙,806,1169,501,736,339,4170,686,2712,935,605,887,917,787,831,1224,3006,607,3375,2282,2659,2091,2284,978,2354,1105,3003,2463,533,3003,2800,2381,2237,2047,2129,3194,5357,1383,4479,12004,298,339,1373,2130,3245,1008,1541,1463,1527,1311
力,806,801,803,2149,339,698,975,685,710,709,951,1808,1016,683,254,147,104,576,408,295,222,231,414,241,216,105,312,126,105,96,297,185,246,285,63,4551,268,307,5199,307,250,94,217,489,170,140,237,263,295
可能,829,1224,707,379,2876,904,759,1168,996,1229,1876,470,631,1313,139,1909,2194,456,116,2073,1489,437,297,454,715,493,982,347,493,452,944,1878,337,375,2107,14122,2059,1918,18295,252,617,160,988,238,369,373,189,842,547
歯,829,890,1574,801,207,1304,4014,2712,585,1274,916,1051,800,872,3859,3090,754,2962,1308,4101,1740,1411,5,1452,1285,1859,2693,930,2513,2334,2603,1893,1222,1374,1196,14105,1600,3591,2,1122,1158,1246,1824,1628,1528,1140,3633,2441,2259
何故,874,1004,875,592,833,1050,1362,858,975,787,1876,684,763,1040,13846,4787,644,458,592,348,9830,7977,181,100,2239,221,343,165,5052,4712,8531,1329,628,765,2698,5308,464,387,239,7336,8539,203,10215,518,1245,193,17857,2064,2281
卵,942,778,1352,4754,2876,1050,4014,1896,870,722,854,2095,1724,696,3326,2009,2537,2926,3239,2400,1416,1419,4854,1462,2821,1875,2158,1892,1875,1742,2087,3665,1998,2122,1149,6471,3285,3502,6772,617,714,1643,1445,5347,3275,2451,3210,2238,1151
海,944,841,983,2451,1733,1050,1705,382,954,1082,1383,1051,1276,787,518,419,427,1103,1193,861,438,630,1412,656,522,409,483,410,409,379,462,600,1000,996,1306,2137,615,968,8289,457,419,938,426,622,561,642,578,683,767
川,944,801,1352,2149,2876,513,2391,517,975,868,1079,1808,1067,849,197,1426,266,1336,3068,2369,1323,1415,15845,1457,766,1984,1274,722,1984,1841,1228,3197,1357,1460,4326,3122,1277,2357,4511,310,271,1510,1372,1252,781,1957,345,1786,1459
共,958,902,1418,1014,833,1304,975,858,884,1126,1238,978,1143,831,275,6084,231,475,410,9051,5981,986,401,777,3152,431,807,122,1075,998,2226,4874,681,726,3596,440,5225,966,123,3244,1591,262,5163,459,690,395,1355,4233,1468
化,969,932,1027,1459,1001,1304,1118,1896,954,1159,1079,846,836,1152,70,1676,540,254,761,4924,2166,939,469,972,831,714,1455,567,714,660,1404,2015,804,843,1741,793,3778,2404,13,343,294,463,1905,1078,568,1128,83,481,678
国,985,938,1743,801,1259,1304,2391,858,1080,1159,916,885,948,1025,60,537,315,316,454,708,450,453,448,471,338,350,1040,498,350,322,1002,1184,446,477,1405,1736,426,1146,4221,140,86,194,358,400,311,1020,78,193,246
名,985,2486,1109,295,2876,1688,1705,1896,935,1819,4109,536,770,1423,103,433,118,1062,382,736,452,683,1363,710,272,419,1046,224,419,388,1008,806,441,490,2211,5358,379,623,20,25,15,505,430,866,341,815,45,545,457
島,995,890,1169,4754,627,4170,2391,481,1177,1190,530,3839,1036,941,249,657,512,2751,2886,870,680,885,843,917,692,498,2012,1581,498,457,1943,1391,717,858,5755,4142,795,2936,4692,524,186,1977,708,8673,737,2362,311,1639,1908
行成,1003,964,1491,967,1001,2405,975,1428,1147,985,916,978,930,1077,10947,834,-1,2692,3319,1194,1708,1649,523,1695,987,809,644,699,809,747,617,529,4079,3876,411,20741,1214,847,266,18655,15453,831,1797,1211,815,374,9626,1118,97386
薬,1027,1072,780,2149,1733,1688,2391,984,1056,762,1383,1466,1016,1040,1736,1340,1317,2032,1077,1170,622,681,1735,708,1322,1544,1960,1065,1544,1432,1895,2118,593,642,760,19615,1549,2165,6984,640,673,1189,650,683,1298,1557,1905,2019,1739
油,1034,1018,780,7639,2876,4170,4014,4667,1177,693,733,2443,1828,787,4136,4016,1329,4616,4584,4144,3541,3016,5241,3104,2995,2946,4317,2255,2946,2747,4162,5020,5420,5156,5471,18851,3500,5943,15448,661,846,2860,2244,919,3456,3566,4078,2456,2208
弟,1034,913,1288,2451,2876,4170,1705,1896,935,1190,2276,753,1120,964,1101,1107,1053,3138,3718,1359,748,752,5664,782,988,962,1296,1053,962,894,1250,2467,673,762,254,2384,1124,1981,20520,1853,1954,1680,701,1894,1163,1728,1197,3779,180
寧ろ,1052,1057,1418,844,2876,1050,629,744,996,1535,1126,1398,948,1191,4131,2083,-1,1379,2497,2023,2890,2652,480,2731,20429,1849,1380,607,1849,1718,1330,663,2903,3014,11176,2324,922,1448,287,4116,3816,591,3070,2721,13196,555,5345,2683,39542
差,1117,1072,2179,1231,497,4170,1118,1428,852,1629,1731,1124,970,1313,1038,2272,402,2121,1213,3311,2144,2008,55,2066,2360,1243,1602,1732,1243,1156,1548,1943,4581,4088,2902,8739,2392,2204,77,707,1274,932,1735,3951,1645,1512,1369,1113,1372
士,1128,1086,1077,2913,1001,4170,759,4667,900,1274,1731,1277,1120,1139,529,2642,2685,1514,4136,4578,2227,525,556,546,1387,607,2605,1264,607,563,2517,3637,493,557,3927,23023,2440,7192,45,1782,2005,991,1761,377,654,5470,670,3802,7039
豆,1162,1004,1418,4754,2876,2405,4014,590,1242,846,2276,1544,2315,840,7128,3133,1609,8044,5165,2867,2533,2664,3531,2743,3257,1267,1089,3053,1267,1179,1051,7719,3419,3660,3427,15911,3291,8143,6249,2211,2903,4380,2625,7633,4919,4704,6228,4528,3665
科,1179,1086,1574,1587,2876,2405,4014,4667,1016,4264,1313,729,942,1599,314,4573,3315,2122,3512,4640,5351,1786,1293,1839,3138,3486,1134,2326,3486,3254,2453,8141,2189,2464,14272,15126,5093,9148,13,280,201,5824,4156,6737,2666,5252,156,1292,4125
号,1202,1280,2034,801,627,2405,1705,744,1205,1344,2059,1022,1442,1061,99,725,1435,640,699,1878,749,717,1765,747,827,597,1766,927,597,554,1705,2572,988,1044,3002,3473,1024,2509,23648,666,417,2590,719,390,1095,2671,44,477,760
師,1202,938,4421,3549,1733,4170,4014,1428,817,1629,2059,1466,1166,1250,839,3270,1905,2843,5527,5063,3669,932,486,965,770,1163,1395,988,1163,1079,1345,4235,1076,1207,1048,11287,2054,5119,45,654,913,479,3361,3922,674,2094,674,11867,7738
地区,1213,1813,1352,476,2876,367,4014,4667,1889,1629,1876,769,885,1986,354,3784,12537,2013,2143,3750,3485,3095,8019,3184,4831,4342,4813,3591,4342,4055,4638,10336,2392,2580,11866,3141,4283,5918,4847,3902,2351,6425,3365,1740,5808,7303,354,2443,2444
相当,1226,1149,2034,1231,1001,1304,1118,858,1301,1344,1033,1808,1050,1443,1315,1617,612,3443,1651,1720,2378,3852,918,3953,1625,2827,4001,1633,2827,2635,3859,1826,2645,2769,2159,22637,1727,1707,4834,1560,1440,2272,2375,4629,1673,2251,1608,1828,1421
所謂,1240,1169,1885,1152,1733,1304,1362,1896,1205,2261,1180,1022,885,2117,20335,4857,1082,1134,2805,4233,6302,5515,912,5650,2180,6120,3095,1525,6120,5723,2987,3556,6727,7237,9884,9381,2117,4436,829,7438,2979,3020,6558,7320,10758,2527,1937,332,15373
料,1267,1575,780,1342,1733,2405,2391,2712,1889,1042,1486,868,1082,1472,1824,8302,3131,993,2622,6445,9236,2136,1351,2200,3692,3895,4581,2596,3895,3638,4417,16203,3015,3169,7754,2844,7997,9692,5584,2484,2783,1874,7116,7869,3215,3636,2398,5188,5514
券,1277,1437,851,1910,1001,788,848,2712,1433,1819,1238,1167,1247,1313,1898,8318,18441,4414,2854,12081,9214,3685,1490,3783,6477,7905,4964,5112,7905,7390,4785,13751,5655,5047,11583,3133,15768,6418,2164,6463,7380,10147,9187,8427,8363,5818,1693,4511,3495
心,1277,1192,1418,2149,1259,904,2391,2712,1264,1159,1486,1466,1198,1374,918,193,31,374,248,337,276,241,518,253,163,277,383,93,277,256,363,278,289,314,112,4703,178,433,3327,104,84,235,251,367,157,166,597,613,357
鳴る,1319,1125,2894,1716,1733,4170,1362,2712,2173,1159,714,1713,1300,1344,20478,1868,-1,4647,5206,56,1977,2761,589,2844,1036,4759,1791,805,4759,4448,1730,1191,12688,13339,1600,15964,19,2679,15,1986,2039,2457,2078,1414,1303,1136,5886,2406,2594
肩,1333,1492,4421,1014,256,904,1362,1896,870,2447,2907,1808,1390,1288,5678,2445,310,1617,2619,2805,1969,1925,8862,1980,384,2514,1954,264,2514,2335,1889,504,2632,2877,645,19338,523,2764,1449,1055,1169,369,2008,3392,375,367,4592,3604,2078
橋,1333,1060,2894,3549,2876,1050,4014,517,900,1629,2907,5541,1016,1820,592,1488,579,4226,3793,2487,1769,2210,2674,2275,1304,1678,517,1196,1678,1556,495,2636,2063,2075,7453,6148,1913,3832,4990,957,970,3757,1847,2881,1537,2964,492,2464,427
症,1355,1178,1885,2149,2876,2405,4014,405,1381,2261,1180,1808,1514,1250,1006,11066,9625,1865,2720,4224,7649,1163,1397,1198,6952,7317,3395,2720,7317,6853,3273,17418,1478,1576,16927,2455,5941,20716,1211,2534,3060,5137,6995,3672,2860,3063,1916,9083,6056
耳,1367,1192,1743,2451,2876,1304,1705,984,1889,932,1383,2095,1355,1401,4084,1586,159,1277,1370,2130,1117,1092,7708,1127,355,1469,1951,233,1469,1360,1886,576,964,1067,57,13360,575,1988,6027,976,902,458,1143,2920,422,413,2995,1458,1446
方法,1382,2825,2034,399,1733,4170,1705,1896,3517,3262,2059,543,961,2450,594,821,582,487,128,965,516,503,14518,521,861,703,1276,600,703,650,1230,1194,321,361,948,7237,931,849,3903,423,362,606,530,770,723,879,721,305,335
都,1422,1212,2363,2149,2876,2405,2391,858,1889,1727,825,1808,1390,1472,381,2118,1313,1498,6567,1474,3807,3974,9,4075,1591,2450,3286,1588,2450,2275,3168,3142,4637,4451,6053,13453,2204,5162,7,515,425,1986,548,5289,1362,5846,264,3959,1770
虫,1433,1352,1224,2913,2876,557,2391,1428,1264,1274,1590,5541,2075,1152,4138,1973,779,5045,4244,3284,2078,1976,14025,2032,1587,1341,1173,1120,1341,1245,1732,2992,2089,2155,2442,16026,2278,2591,12901,1006,1125,1609,1984,4596,1862,1950,3609,1978,800
軒,1447,1149,3237,3549,2876,4170,2391,2712,1619,1462,986,1622,1879,1233,3020,3466,1092,5586,4132,4273,5194,4534,803,4651,1726,8636,7506,1266,8636,8082,7226,7282,5337,5701,19875,3133,4017,9816,2164,2145,1934,4537,5412,9383,2335,6431,3673,7324,5602
地下,1447,1139,2894,7639,2876,2405,4014,984,1889,887,1079,7431,1828,1250,812,2014,3166,3196,3453,3825,2153,1276,6033,1315,1624,1460,3328,923,1460,1353,3208,3000,856,930,5230,24656,2370,2467,6413,3246,3523,969,2199,530,1360,1940,1617,3379,2934
校,1551,1390,1743,2149,2876,2405,4014,2712,1433,2261,1313,1398,1477,1635,987,7798,11339,5826,4006,4032,5656,3249,2105,3339,7904,1765,1106,4784,1765,1638,1066,5553,6667,6722,12745,1930,14689,7754,137,4633,5558,11586,4377,594,4848,3949,473,3211,4979
価値,1587,1783,1574,1014,2876,1050,4014,1896,1381,5138,1313,1398,1415,1820,1915,2053,1212,1709,720,2093,1425,1200,4925,1236,1949,1876,2246,1441,1876,1743,2175,2520,739,798,2050,23002,2485,1966,8587,1472,1185,1260,1493,1024,1257,1833,2826,1312,1000
種,1587,1890,3701,621,1733,4170,1362,4667,1381,2692,5139,945,1198,2356,386,2727,524,1730,1860,1610,1825,2325,7057,2395,1261,2869,4546,871,2869,2674,4382,3218,1229,1353,1684,3834,1647,2992,6478,291,269,1315,1819,2149,1299,2779,301,1861,1537
更に,1607,1997,1288,2451,429,4170,2391,2712,1889,1535,1876,1167,1879,1443,1478,945,-1,536,356,1301,3287,3856,212,1970,2887,1959,3315,355,2030,1883,4105,1607,2789,2934,1090,543,329,1991,255,10481,5199,379,3450,4698,1639,440,1884,1258,1390
状,1607,1544,2034,1587,1259,4170,2391,4667,1677,907,2540,2677,1675,1569,842,5203,2166,2564,4005,6984,6574,1811,631,1864,1711,3462,3200,1194,3462,3232,3087,5753,2305,2325,3647,11548,3586,800,7822,201,194,1757,4653,3486,1873,2904,1030,4016,2964
脳,1629,1492,1418,4754,2876,422,1705,858,1566,1727,6998,2976,1775,1536,2387,2686,4377,2749,1490,2399,1304,964,1316,997,2028,2106,2760,1303,2106,1954,2667,1765,918,1008,906,14078,2621,3626,723,3841,2656,2246,1373,3081,1487,1470,2811,1915,2018
件,1648,2825,2894,505,1733,4170,1705,4667,2435,2939,2907,729,1355,2117,1437,758,2625,1613,840,578,472,442,1490,459,1252,1292,1917,794,1292,1203,1853,1181,451,521,4610,3133,1875,1283,2164,6741,5398,698,454,998,1102,799,2061,1589,1090
自然,1703,2048,1491,1152,1733,1688,1705,4667,1518,2261,2540,1398,1415,2188,671,2311,227,1006,452,2779,1411,1493,697,1538,785,2291,2214,460,2291,2126,2143,884,1295,1322,1032,1794,1393,1948,14385,724,638,1174,1415,2733,555,960,879,174,516
正,1726,2572,875,1716,2876,788,1705,4667,6699,985,1876,1808,1328,2534,1227,3155,338,5897,8762,5628,7519,4272,8148,4382,2157,2189,4990,1913,2189,2031,4809,2573,2496,2664,786,4819,5385,5751,250,1138,867,3837,2329,1038,2405,3788,657,6420,6354
壁,1753,1521,3237,2451,1001,4170,1362,1168,2069,1819,2276,1466,1635,1931,2214,1540,588,1683,1668,1910,913,972,2934,1005,491,875,2257,320,875,811,2186,961,759,776,918,5317,541,1510,8703,857,1050,438,961,2160,559,890,2090,846,1215
既に,1753,2572,1885,764,1001,1688,1705,1896,2173,3728,2059,1022,1514,2117,1514,2621,-1,535,622,1217,2770,2570,214,1565,2449,783,2379,289,2416,2245,3259,1135,1326,1498,1982,10781,327,1916,309,8987,4915,243,2910,598,1322,410,2014,1910,1351
酔う,1753,1293,11364,4754,2876,1688,2391,517,1147,6377,2276,7431,1635,1931,46,3997,-1,7508,7500,206,1558,1540,988,1586,2069,4523,3895,1813,4523,4229,3754,3010,51,59,2465,3841,24,4710,131,4423,3830,3516,1638,45,2979,2480,15068,8720,7721
静か,1782,1575,1654,7639,2876,4170,2391,858,1433,2939,1313,3839,2144,1569,8416,3424,-1,1938,2362,1558,2195,786,344,817,669,1357,1300,401,1357,1258,1254,1818,656,693,1160,16033,624,1495,4901,3831,3631,760,2311,1902,669,512,8095,6016,2874
突然,1782,1575,2894,1716,2876,4170,4014,4667,1518,2091,1590,1808,2144,1569,3386,1065,502,1651,1697,1006,989,967,354,1000,723,1543,1172,405,1543,1431,1129,934,1165,1270,1876,5699,644,1127,5129,4185,3635,772,955,1620,678,659,3949,3988,2402
光,1782,2048,1418,3549,548,1304,1705,2712,1147,2447,4109,2976,1635,1986,867,523,110,1136,1324,359,762,960,2511,993,363,720,948,217,720,666,910,459,858,600,979,2207,407,921,3315,405,327,272,680,1222,357,478,508,969,988
墓,1800,1334,5421,7639,2876,904,4014,4667,5635,1082,1313,2281,3293,1313,2693,3883,1741,6015,3978,3332,3278,2930,14589,3016,2330,2622,5512,1951,2622,2439,5314,7875,2597,2676,9454,15592,1405,5086,8438,2448,2135,5080,3382,3341,3420,5285,3087,2216,4610
夢,1800,1668,2179,2149,1733,1688,1118,685,3224,1401,2059,2443,1951,1716,1581,266,223,998,717,421,312,313,3965,327,495,303,181,287,303,280,172,318,435,460,503,3146,747,436,5153,1019,731,850,328,1616,426,256,776,871,746
各,1822,3142,1352,764,2876,1688,1362,2712,1619,4264,3399,1216,1560,2267,329,2571,1315,834,512,3665,3319,3331,1006,3422,1974,2956,4761,1734,2956,2757,4589,5023,4776,4582,6008,7769,2197,2444,745,674,509,2116,2846,1741,2261,3751,335,591,931
街,1844,1736,3237,1342,2876,4170,4014,984,1619,4264,2059,1466,1599,2267,726,926,1020,2305,1335,469,632,702,656,729,640,1078,1135,1006,1078,1000,1094,865,412,481,2407,9276,386,1075,4537,4373,4025,232,643,582,549,752,605,832,1283
対,1873,1668,2034,4754,1733,4170,975,1168,1734,2939,1313,3839,1879,1931,759,1478,134,2824,3032,3369,1338,1300,66,1340,2183,1067,2876,1647,1067,990,2777,3217,507,567,5074,2642,3562,1984,19313,1306,1111,1638,1409,3423,2438,2515,544,1254,1919
一旦,1902,2162,1743,1342,2876,2405,4014,1896,3517,1727,1876,1277,1514,2636,3679,7363,1888,3152,3224,6000,9309,8030,804,6433,6111,2783,4231,1275,6267,5860,7278,3913,6361,6671,2232,15976,5962,3211,816,7093,13703,1826,8698,2891,3698,1838,4706,2734,1705
湖,1902,1890,2894,1231,2876,4170,4014,984,2069,2091,3399,1398,2691,1536,919,3739,2766,6760,6490,6866,2881,3542,1323,3637,2349,4961,4328,3487,4961,4627,4172,4236,2550,2790,7004,6738,2917,3124,24995,1406,1116,2482,2877,9353,2191,5412,1373,5050,4802
不安,1902,2572,1027,3549,1001,2405,1705,2712,1566,1535,2907,3327,2691,1536,3982,1723,617,1774,507,1374,1031,984,12181,1017,749,2108,1501,516,2108,1956,1448,613,1639,1742,956,10685,821,1434,12684,5007,3714,614,1027,3223,615,439,5428,1228,861
法,1902,2209,1418,1716,2876,4170,1118,2712,3517,1629,2907,1216,1599,2450,161,3002,971,377,534,2549,1347,1032,2665,1066,1240,2586,3075,901,2586,2404,2968,2465,845,916,5270,3385,1959,3606,215,158,161,1232,1015,5450,926,2241,179,1169,633
型,1967,2162,1418,2913,1733,4170,4014,984,2069,1535,2540,2443,1560,2743,151,2117,927,784,986,2778,2145,2137,774,2201,1179,2221,2659,977,2221,2060,2570,2566,2217,2192,2629,3232,1514,2120,1449,660,418,1447,2115,227,1049,2630,96,740,811
資格,1998,1890,1574,7639,2876,4170,4014,4667,1335,2939,2540,2281,2075,1986,1531,2181,1924,3023,977,2501,2837,2564,9905,2643,3922,2510,4030,2948,2510,2331,3888,3616,3191,2951,4918,6116,4451,2830,24640,3220,2097,3461,2957,3681,3606,2955,1748,4324,2185
糸,2041,4377,833,7639,548,4170,4014,4667,1889,13585,733,5541,1775,2450,5544,2419,1073,5164,5151,556,4658,4040,10282,4141,1931,1916,3234,1129,1916,1780,3120,2452,5663,5519,1310,21152,493,4673,3211,383,478,1725,4869,7669,1793,1811,4624,5006,1812
星,2041,1930,1743,3549,2876,4170,4014,1428,1734,1727,1731,5541,2238,1931,727,362,865,3306,2121,1432,470,778,2071,809,918,449,1132,818,449,414,1091,728,1117,1119,1957,4449,1215,1192,6053,740,975,1592,474,2283,932,711,424,1215,1472
船,2125,1697,3237,7639,1733,4170,4014,2712,5635,1190,1180,3839,2075,2188,515,751,777,1825,3332,1288,473,522,675,542,468,509,2879,1097,509,467,2780,2882,370,398,5977,9298,577,2143,12252,282,293,901,487,4291,609,2668,708,1175,1426
秒,2199,2048,3237,1910,1733,4170,1362,2712,3860,1082,3399,3327,2144,2267,1004,1219,4555,3757,1700,1883,830,812,4627,843,1730,1162,1919,1297,1162,1078,1855,1546,825,880,210,7370,2544,1867,21193,6083,5297,1234,824,545,1475,1313,439,869,880
初,2246,1736,5421,3549,2876,2405,4014,4667,1619,2447,1731,5541,2480,2047,131,2623,200,2798,1407,2241,1552,1089,9554,1124,2847,2202,2090,1344,2202,2043,2020,4167,2507,2485,1743,13827,3957,2694,9951,615,331,2005,1558,2641,1918,1884,148,2573,1948
層,2278,2209,2034,2913,2876,1688,4014,4667,1518,2261,6998,2976,1675,3619,1134,10776,3418,2600,2409,6203,5374,3679,34,3776,4435,7011,7188,3304,7011,6564,6917,3919,4779,5581,7852,3781,4449,7825,28,1732,1639,1748,5518,36,3715,5861,1697,1923,1577
鬼,2319,3028,7212,7639,234,4170,848,4667,1479,2692,5139,7431,2075,2636,3463,772,1289,6958,6484,2003,1398,2186,1078,2251,1228,873,1749,1754,873,809,1690,740,1374,1587,2590,9316,1453,2274,6930,1236,1383,1490,1324,3625,999,1723,1482,2242,3675
再,2319,2276,1743,4754,2876,4170,2391,4667,1980,1940,5139,2095,1951,2912,380,4176,367,1421,1699,3274,3443,1396,1039,1436,3098,2214,4257,2098,2214,2055,4104,6754,1087,1172,3221,24906,6223,5217,2756,5525,4189,2004,912,1165,2060,2419,422,3021,2474
周,2319,1997,3701,2451,2876,4170,4014,984,3860,1727,3399,1808,1951,2912,2273,4780,3436,12100,4749,10813,4514,5277,5063,5408,4357,4495,5107,4151,4495,4201,4435,8733,7514,6321,8696,9384,6734,5952,12691,1443,1178,5922,2471,8886,3878,4990,1789,4165,3026
研,2376,10802,11364,511,833,4170,4014,4667,5635,8594,11052,753,2575,2188,9744,7254,4828,22823,14634,5195,9006,13875,4661,14241,12277,6852,1912,1163,6852,6409,1848,6099,21631,21424,7098,3133,13904,17907,2164,9850,14902,22552,8769,7822,11590,9887,4772,5417,12005
権,2422,2486,2617,2149,1259,4170,4014,4667,1619,3262,2540,2976,2315,2534,159,5520,3012,821,5883,7829,6215,1538,1115,1584,1892,3739,3467,1642,3739,3488,3345,10342,1555,1755,7082,3133,5860,10919,2164,881,1069,2069,6460,5044,1680,2754,487,3155,6213
土,2422,1930,3701,7639,1733,1688,4014,4667,3860,2447,1033,4541,4277,1716,3007,2744,578,1771,823,3016,3070,3262,7537,3352,1370,1945,3273,969,1945,1807,3157,3971,3765,4043,6286,898,1529,3860,12897,497,566,1284,2604,2362,1504,2996,1737,2059,2578
当然,2422,2572,3237,1342,2876,4170,4014,1896,4323,2261,2907,1398,1560,5712,5134,854,610,1566,803,1066,638,739,352,769,627,1026,1374,404,1026,951,1324,517,892,993,586,3641,717,870,6973,5013,4949,555,609,2342,538,633,5506,725,670
森,2422,2418,1743,4754,2876,1688,4014,1896,2798,1629,1876,7431,2480,2356,1125,1040,622,2200,2132,1582,1021,1231,5703,1269,729,932,1381,1226,932,866,1331,1172,955,1028,1745,1624,883,1963,6272,2685,1521,292,985,119,755,1248,623,1279,1692
戦,2467,1813,7212,7639,2876,4170,1118,2712,2308,3262,1876,3327,2009,3234,89,869,944,1955,2532,934,1387,877,685,908,1010,635,878,1497,635,589,847,1389,444,425,4454,11787,1210,2681,1201,2690,2788,613,1451,681,851,1905,124,1898,2463
隊,2467,2486,1743,4754,2876,620,2391,4667,6699,1535,1731,7431,2822,2188,283,1063,3435,1762,5124,3106,1521,827,432,858,807,483,3806,1273,483,445,3667,1758,978,931,9939,12694,1516,2873,19313,4855,4639,705,1528,1304,694,1868,379,4863,3592
最,2581,2348,2894,3549,1733,4170,1118,1896,4862,2447,2907,1808,2075,3401,605,5409,242,3649,2953,7488,5142,1425,1066,1468,3250,1574,2856,1662,1574,1462,2757,4230,1605,1648,1622,9914,7719,4802,2756,2800,2370,1019,1283,2239,1618,1767,1628,2915,4201
末,2581,3547,2363,1072,2876,4170,4014,4667,2989,5138,2907,1277,2970,2267,590,4675,628,2248,2660,3161,4678,4460,1504,4573,1841,5818,3215,1392,5818,5432,3102,5286,4911,4861,8070,16483,2129,7057,9983,846,396,3877,4550,3329,1997,3629,1068,3223,2421
和,2581,2348,2179,7639,2876,2405,4014,4667,2798,1229,4109,7431,4621,1820,2423,2091,1520,8372,5180,2626,3407,4687,78,4808,3625,5249,1317,2964,5249,4897,1271,3179,12260,12395,10982,5382,5832,8404,42,485,413,11681,1013,317,3649,3071,1455,2325,6638
全,2688,2825,5421,1587,1001,4170,1362,1168,2989,2261,6998,2677,2575,2743,234,1451,133,1649,1280,2245,1325,1171,598,1206,1256,884,1758,855,884,820,1698,2852,909,1001,2574,13186,2165,1619,6976,1405,1284,1526,1136,651,1565,1842,198,1306,1273
直接,2688,3730,2034,1342,2876,4170,1118,2712,2989,2939,2907,2443,2395,3058,898,1629,932,1501,798,1650,1722,1780,923,1833,1570,1728,2546,1089,1728,1602,2461,1464,1378,1458,468,13879,1714,1373,19391,1081,918,1163,1608,983,1214,1198,1340,1296,1206
相,2751,2276,4421,3549,2876,4170,4014,1896,2435,2692,3399,2677,2822,2636,1032,5663,416,2829,3894,2194,7921,1919,494,1973,1528,967,638,676,967,899,611,5259,3657,3414,9774,14894,1037,7756,8373,770,685,870,2223,5338,871,653,2066,6792,3452
鏡,2751,3914,1418,2913,1733,4170,2391,4667,3517,2939,1238,4541,5029,1931,1902,2012,1188,4437,4361,3443,2115,2307,1282,2377,1346,1963,427,911,1963,1823,2553,2256,2138,2024,1893,11762,1589,3978,9011,484,461,2770,2190,3829,1237,2242,2527,5286,1982
掻く,2809,2276,3701,7639,2876,4170,4014,1896,2798,2692,1876,4541,3486,2356,7364,1712,-1,3625,3814,8845,1290,1819,512,1872,3345,2859,3008,660,2859,2664,11632,3090,16032,15482,3428,10698,4280,7927,745,2671,7279,1486,1363,3620,5548,1158,5304,15059,19596
晩,2809,2647,2617,4754,1733,4170,4014,4667,2989,3262,1731,2677,2822,2743,9145,2784,321,5430,4661,3621,1930,1566,1530,1612,899,4055,3062,683,4055,3788,2955,3269,1173,1371,4883,21739,1268,5890,3796,4055,3549,3023,2028,8165,1727,2266,9449,5561,5168
派,2883,2486,5421,2913,1733,4170,4014,4667,2798,3728,1731,2976,3293,2534,359,3367,1936,2037,3376,2964,2713,1637,717,1683,1453,3081,2857,1404,3081,2874,2758,3428,2692,2888,5452,1,2057,3635,2,436,634,1448,2265,2638,1430,2551,481,2322,2684
骨,2883,2722,2363,4754,2876,2405,4014,2712,2798,2692,2907,2976,3136,2636,2548,1983,608,3750,2991,2531,1329,1751,2067,1801,1327,1253,3744,895,1253,1166,3610,2365,900,1075,2845,12275,1832,3301,19741,880,880,1349,1345,2863,1612,2113,2881,4323,2779
輪,2883,2919,2179,3549,2876,4170,2391,4667,4862,2091,1313,7431,3136,2636,2492,2816,1354,6222,5415,9745,3985,5591,1751,5729,1698,1512,7233,1414,1512,1401,6959,3483,7055,6836,5998,7497,2918,1831,42,923,1105,3432,3947,317,2303,2628,1754,4175,3837
蚊,2944,2276,5421,7639,2876,698,4014,984,3860,8594,2540,3327,2822,3058,58,10389,3103,12206,8283,9406,7993,7242,14,1852,6684,1050,3151,5752,8342,7806,4619,12869,10189,10177,9502,793,7406,3223,13,6137,5897,3540,7969,12,9183,4540,22262,11430,10820
課,2944,2572,3237,4754,2876,4170,848,4667,2620,3262,2907,5541,3293,2636,1763,1397,3540,1149,5002,949,3189,2318,14,2388,3084,19870,7878,3180,19870,18623,7580,15361,1986,2321,12139,793,4018,8742,13,6765,8023,17966,3177,12,2315,13623,1073,3715,4479
旧,2944,5828,1418,1716,2876,4170,2391,2712,6699,13585,2907,1167,2144,4755,321,6299,1729,2821,2364,8446,8194,6608,5631,6771,2541,7555,8076,2107,7555,7070,7768,5578,5198,5785,15692,134,3113,6709,3583,758,643,3543,6160,444,2627,4496,215,2933,3469
合,2944,2276,5421,7639,2876,4170,4014,4667,1566,3262,5139,11750,2315,4107,6343,2743,45,14846,11554,1674,4731,12798,12309,17119,2326,7036,3826,3833,7036,6589,3686,1334,922,1015,5209,11758,4066,3387,23648,520,798,9197,3397,820,5922,9929,2892,9065,4267
擦る,2944,5005,2894,967,2876,4170,759,4667,4862,5138,2907,1941,2315,4107,16,9,-1,10271,10983,107,21318,9,1645,10746,6520,18652,21239,9,9,24632,8,1044,32,41,184,1771,67,16,12,4955,13184,3427,12298,5,3073,1017,21491,5483,7020
鉄,2944,2486,3701,4754,2876,557,4014,1428,4323,4264,2540,4541,4621,2188,1179,1962,1209,6179,5613,3112,2733,3172,1819,3262,1378,1210,8057,1042,1210,1125,7749,3305,1800,1950,4117,3653,1681,3916,9486,676,845,1697,2870,1791,1655,2966,1472,3241,3811
村,2944,2486,11364,2149,2876,1688,4014,4667,2308,5138,2540,2976,2480,3619,219,554,299,1417,2244,1461,672,907,10656,939,471,506,3020,1144,506,464,2913,765,1902,1865,2594,3303,828,2429,4099,886,718,247,678,114,643,1037,58,1098,1640
制,3026,3028,2894,2451,2876,4170,4014,4667,2308,8594,2907,2095,3293,2743,604,11785,1898,2057,2584,5404,11133,5205,1710,5335,4239,5775,4959,3197,5775,5393,4780,12773,4606,4680,7491,9158,6750,8107,250,1159,1037,5290,5549,1038,4287,5262,362,3264,4911
類,3026,3028,2179,4754,2876,698,2391,4667,4862,5138,2540,2443,3293,2743,572,5698,717,2415,2824,3526,6581,3447,1091,3539,1799,5594,7071,1294,5594,5226,6804,2766,3520,3464,6586,18140,902,8541,17098,269,204,2925,6470,2976,1863,4584,861,1783,3458
鯛,3170,2486,5421,7639,2876,4170,4014,4667,5635,3728,1126,5541,3722,2743,581,13962,5724,21703,15109,124,14626,13901,66,14267,12383,24103,16218,10283,24103,22595,15581,51,2279,2478,20900,12694,196,4261,19313,3595,5215,20902,15114,84,18691,15650,18957,17598,13819
氏,3250,2647,5421,4754,2876,447,4014,4667,4862,2692,11052,5541,2575,4411,253,1856,428,729,754,1660,1056,1068,199,1103,277,2822,3059,1117,2822,2630,2952,3788,803,859,11966,6615,280,4576,45,102,439,3468,1096,377,605,4230,258,715,1214
集,3322,7105,1885,1459,2876,4170,2391,4667,6699,6377,3399,1466,3136,3619,1222,7143,193,3928,4699,2290,7855,8122,1128,8326,3121,9083,5277,2090,9083,8507,5087,12306,7858,8490,11313,7282,2218,9591,12691,341,146,12170,4616,2110,2638,6246,618,5860,6525
軍,3410,2572,11364,7639,2876,4170,4014,4667,5635,1401,5139,7431,2144,10747,95,764,2794,1412,3333,2142,690,661,1584,687,357,790,5677,1452,790,730,5472,2213,588,629,7049,9406,571,2776,3979,918,726,339,716,1156,445,2492,119,457,1104
値,3410,3264,5421,2149,2876,4170,4014,4667,2435,5138,3399,3327,4277,2912,836,7868,1684,2706,2125,6217,5696,3874,2921,3975,4830,4825,6088,2312,4825,4504,5867,7029,1653,1832,5821,18664,4681,10040,19037,1480,1431,1505,5940,1688,2328,4248,1106,5015,1272
追う,3492,5005,3701,1342,2876,4170,2391,4667,2798,3728,6998,2976,4621,2912,8259,903,-1,2090,2292,1097,799,695,418,722,849,508,2005,506,508,466,1936,1273,3540,3519,3563,2932,780,1015,1001,2754,2935,930,832,1781,807,808,2890,3897,2340
額,3492,3730,3237,2451,2876,4170,2391,2712,2620,6377,5139,2976,2822,4755,2157,4158,527,837,1241,3149,2611,2290,6398,2360,1110,4170,4050,665,4170,3897,3907,1883,2592,3005,2826,20886,1032,5211,4198,1005,1067,1338,2726,10071,1087,1402,2364,3735,2501
高,3599,2722,11364,7639,2876,2405,4014,685,3224,3728,11052,11750,3722,3619,322,1345,59,2108,1749,2336,2237,2755,1062,2838,1284,3351,1207,74,3794,3541,1163,4351,551,560,2468,3445,2141,3326,137,458,488,1735,1382,1136,1218,3314,249,1851,817
物理,3599,3730,3237,3549,1733,4170,1705,4667,2435,8594,11052,2677,2480,7428,1616,14417,8123,6325,5646,17084,12165,4283,8601,4393,4598,6733,5114,3464,6733,6297,4926,11039,3408,3666,10606,11686,15161,13612,13824,6040,6014,2106,12162,602,3417,3447,1503,7247,4774
産,3704,3730,2617,7639,2876,2405,4014,4667,6699,3262,2276,3327,6269,2743,3069,9899,1305,6798,4620,6123,7501,5984,2757,6136,6301,12533,14325,4622,12533,11749,13754,16521,2660,2962,12756,4345,6342,10547,32,764,1040,6619,7813,62,7574,11868,1977,3481,4677
誌,3704,3914,11364,1910,1259,4170,4014,4667,3860,2939,5139,2976,3974,3619,850,11615,4378,5192,4850,7299,5807,4160,1156,4264,2677,8806,4842,2059,8806,8245,4666,11728,7094,7074,11219,4994,6172,21521,45,5790,1967,13185,6009,377,3668,4923,777,6594,7551
旗,3704,3390,4421,3549,2876,4170,2391,2712,2308,6377,3399,11750,3722,3849,2734,5856,2025,10309,10749,3962,4982,5022,2958,5147,2916,7197,16314,2858,7197,6740,15670,7510,4221,4527,17746,12062,1859,8745,9142,1834,2071,5612,5011,4811,3970,8021,1867,2538,5430
門,3704,3028,11364,7639,1259,367,4014,4667,6699,6377,6998,11750,4277,3401,1214,1254,395,4175,5284,176,1951,2269,5770,2338,860,1098,5932,650,1098,1020,5717,2198,2472,2445,6093,8458,365,3353,217,393,449,1053,1867,5799,1090,1160,785,3964,5015
寄り,3704,3390,3701,4754,2876,4170,4014,1896,3224,2939,6998,4541,3136,4755,4992,11852,-1,20496,10809,207,21052,19270,3571,8552,8421,22024,14118,67,22024,20648,13557,13625,13393,14203,7011,6032,106,13161,112,6846,8287,8185,21768,133,13969,10203,5417,4752,7313
我,3704,2919,7212,7639,2876,2405,4014,4667,4323,2091,3399,11750,3722,3849,6109,1402,358,3531,5882,1499,2868,1060,272,1094,1511,629,1239,853,629,584,1194,1161,834,876,1277,14610,3265,2085,3780,708,736,443,67,237,763,802,5071,9248,4224
愛,3837,3547,7212,2913,1733,4170,4014,4667,4323,8594,1876,3327,5029,3234,1228,562,309,1945,1600,779,395,457,3667,475,1003,1030,1324,823,1030,955,1278,464,179,207,229,990,1246,1278,8373,2058,1907,2008,418,2254,750,748,491,2327,845
炎,3837,3142,5421,7639,2876,4170,4014,4667,4862,3262,5139,2443,5029,3234,2695,960,3256,6052,7377,4523,1944,2255,3385,2323,1385,515,5281,1281,515,473,5091,1656,2351,2425,3826,8582,1433,2576,17512,2396,2894,541,2027,5188,1148,1250,1741,2507,4690
敵,3966,3547,7212,3549,1733,4170,2391,4667,3517,5138,3399,3839,3486,4755,1136,332,766,2016,2264,909,383,385,1732,402,374,241,1265,443,241,223,1220,605,494,529,1515,6861,435,648,9696,655,528,225,403,32,386,847,710,1060,1342
編,4114,4377,7212,1910,2876,4170,4014,4667,6699,6377,2276,2677,2822,8749,1376,8528,2347,3580,3284,12904,8415,6084,1017,6239,5716,5722,11027,3302,5722,5346,10604,15438,10347,11143,1532,3758,5314,10921,1348,739,745,4940,8573,7829,3843,8072,289,1270,2394
新た,4252,6382,2617,2451,2876,4170,4014,4667,4323,3262,11052,2976,2970,8749,559,1069,-1,1063,711,1977,1378,1339,963,1379,2551,1321,3351,1673,1321,1229,3231,2171,1632,1771,4131,23194,2306,1460,7833,3004,2099,1034,1446,574,1403,1705,891,1115,890
雄,4252,3264,11364,7639,2876,2405,4014,4667,5635,1940,11052,7431,3293,6427,3934,4161,1685,6400,10174,2743,1197,5298,9385,4068,3813,1591,842,3547,1591,1478,86,4697,17721,15532,2545,16852,2582,7814,1841,1182,1223,4306,1224,7130,4231,3245,2269,11292,14647
夫,4252,4147,3701,4754,2876,4170,4014,4667,4323,4264,5139,2976,10632,2912,1509,645,699,1081,1091,705,486,584,13229,610,540,5790,4480,802,5790,5408,4318,4528,619,655,1359,4701,540,4362,594,834,734,2755,493,4137,936,4450,1246,420,3292
遂に,4252,4377,4421,2913,2876,4170,1118,1896,8262,4264,2907,7431,5029,3849,8868,24058,-1,2109,3325,1680,23241,19195,496,1141,4943,603,1557,630,603,559,15378,8273,8109,8918,8563,12300,917,1004,450,11295,8667,1435,23862,3057,6124,1478,10172,4217,7305
約,4252,5005,2617,7639,1733,4170,4014,2712,4862,2939,3399,7431,7239,3234,147,3516,1437,634,278,2457,1749,1691,691,1740,1618,3624,3767,1228,3624,3383,3632,5341,1798,2007,4260,2663,1560,3824,5158,206,142,2659,1684,7492,1666,4408,194,1333,629
技,4252,3547,11364,4754,1733,4170,629,4667,6699,6377,5139,5541,5523,3619,1496,1038,5504,6429,4268,3406,1920,1550,6029,1596,3314,495,2586,2565,495,454,2500,2110,4517,4372,1875,11154,3148,2089,8079,1969,2383,1131,1918,5084,2497,1849,698,5105,3430
一方,4442,5828,4421,2149,1733,4170,2391,4667,3860,8594,6998,2677,3293,7428,300,1774,344,1284,854,2605,1868,2516,956,2593,769,1961,2948,536,1961,1821,2844,2014,2178,2284,4340,28,963,2990,7609,973,848,1273,1959,2820,736,1484,527,738,752
砂,4442,5365,3237,2913,2876,788,4014,4667,16460,2692,11052,4541,5523,3849,5447,2757,1519,5972,7409,2578,3177,3546,4926,3641,2145,1247,5348,1703,1247,1160,5155,3648,6114,4713,5084,12429,1945,4950,7566,1351,1658,2210,3313,768,2561,1751,3820,1656,3892
梨,4442,7993,1743,7639,2876,4170,4014,4667,16460,1462,11052,11750,10632,3058,12873,3570,4914,16292,12073,1119,4674,8871,14921,5445,4697,5071,602,8697,5071,4731,577,1654,460,493,6620,1613,1144,24979,462,7742,8743,11258,4630,931,4236,4892,5191,23907,12617
豊か,4442,5005,4421,4754,1001,4170,4014,2712,4862,4264,5139,3327,3722,5712,3873,5464,-1,2574,1360,5388,4164,3676,1103,3773,3197,6442,1780,2035,6442,6022,6498,4660,5998,5897,5355,4227,2798,5328,11011,3362,2680,2718,4359,4213,2515,3104,4784,1677,1627
香,4649,3547,11364,7639,2876,4170,4014,4667,6699,1940,6998,11750,8574,3401,5234,1423,786,15124,16990,3306,2362,7141,93,7316,1636,3498,1407,3848,3498,3264,1357,1975,16579,15535,7742,16076,4514,9563,137,728,1443,10864,2144,594,1450,10610,2300,11147,5096
作,4649,4679,4421,3549,2876,4170,4014,4667,4862,4264,2907,5541,4621,4755,401,4634,142,5218,3015,2416,2979,3327,1232,3418,1922,3678,2861,2073,3678,3430,2762,11498,272,289,2948,1833,3020,3864,6098,493,469,6047,2010,1169,2299,5016,168,1818,3615
葉,4649,4147,7212,7639,1259,4170,4014,4667,4862,2447,6998,7431,8574,3401,1624,1924,379,2623,3910,5219,2301,3502,5,3596,1221,451,2720,1126,451,416,3106,1924,5352,4543,2783,6958,1943,5892,2,74,107,3238,2388,8,1238,3526,983,2356,2843
省,4880,5365,11364,2451,1259,4170,4014,4667,3860,4264,11052,3839,5523,4411,297,13997,2408,730,8745,10786,7412,3100,992,3189,4117,14688,20229,3457,14688,13779,19443,3160,1732,1849,19056,18406,6241,21745,1211,900,681,6815,6641,3672,2935,13196,607,2857,6835
丸で,4880,4377,5421,4754,2876,1688,4014,4667,4323,4264,6998,5541,4621,5172,9825,833,-1,1349,2810,1173,704,710,206,738,345,710,1122,220,710,656,1081,355,751,809,18949,23450,325,737,171,14515,8352,316,733,848,356,266,10618,1894,2567
行,5116,13258,2034,4754,1733,2405,4014,4667,6699,8594,11052,2281,3974,7428,2061,3354,10,4938,3192,590,2006,2330,7720,2400,1182,6388,2612,1036,6388,5974,2524,5550,50,57,4226,9558,1042,922,137,537,517,5103,1092,1145,2317,5895,823,2823,2743
剣,5116,4147,7212,7639,2876,4170,4014,685,6699,5138,11052,11750,3722,8749,3195,696,2090,5340,6410,2004,811,1160,1490,1195,663,406,5650,1792,406,376,5447,296,1216,1287,1911,5866,792,2129,2164,2198,1692,103,846,759,497,939,1154,2873,4052
世,5116,4147,7212,7639,2876,4170,4014,4667,10817,13585,2276,2976,5029,5172,213,1240,147,3803,3337,2105,1714,3283,889,3373,786,1904,5182,810,1904,1770,4993,1233,3356,3645,6416,6043,1223,2701,11,287,213,3353,1531,1399,1042,2444,236,1806,2122
友,5116,4147,7212,7639,2876,4170,4014,4667,16460,1819,11052,7431,7239,4107,4307,1659,787,7481,4201,2879,2095,1988,326,2045,2385,2096,3456,2222,2096,1945,3334,4533,2092,2011,4805,24905,3074,3421,123,2819,2198,3859,1963,7700,3037,3538,2308,8250,4765
可,5383,9191,4421,1910,2876,4170,4014,4667,5635,13585,5139,2677,3722,10747,5254,5883,993,6614,4319,8717,5680,9643,14,9890,3438,9007,6865,4901,9007,8435,6604,16823,12026,9708,4023,793,6265,2836,13,3031,1113,12115,613,12,5670,17918,2838,9932,12014
殻,5383,5365,3701,7639,2876,4170,4014,4667,10817,2261,5139,11750,8574,4107,6835,9425,3250,12295,10707,12616,7422,5765,18,5912,6508,5273,8006,5235,5273,4921,7699,10203,7372,8289,10398,70,7583,11075,10,1154,1468,5289,7727,19,7766,6720,5879,2508,7120
公,5383,5005,5421,4754,2876,4170,4014,4667,6699,2939,6998,5541,5523,5172,439,2303,1597,4524,7102,2703,3152,2932,614,3018,1019,2760,2072,1317,2760,2569,2002,3448,1885,1935,12027,5668,1263,3410,137,952,641,2045,2160,594,1100,2878,754,4904,4431
単なる,5383,4679,5421,7639,2876,4170,2391,4667,3517,8594,6998,5541,4277,7428,5932,3933,-1,3559,3767,3555,3695,3319,1107,3410,2906,4942,5582,1953,4942,4609,5381,3231,2333,2537,4607,21644,2676,4267,9648,10900,12254,3799,3861,1268,2820,2751,7212,1795,4250
官,5687,5365,4421,7639,2876,1304,975,4667,10817,6377,6998,11750,5523,5712,292,3213,3846,1527,8572,2988,2753,490,419,508,936,1750,3390,1134,1750,1624,3268,11716,231,272,6680,4310,2989,10136,2799,896,969,1127,2337,9061,798,4086,479,8151,5837
戸,5687,4679,7212,7639,2876,4170,4014,4667,16460,2091,6998,11750,3974,10747,2430,2329,443,7859,8982,1523,2872,6929,9,7098,1303,2422,1342,1082,2422,2251,1295,6561,11037,10433,8319,8,2029,5920,7,835,1218,8045,3024,10,1901,5082,2374,15639,10568
主,5687,5828,5421,3549,2876,2405,4014,4667,3860,8594,11052,4541,4277,8749,790,2593,448,2688,2706,1511,1435,2276,5960,2346,808,2357,3417,900,2357,2189,3295,970,1110,1066,448,7899,647,2815,5315,255,181,786,1304,510,967,1242,145,1359,1211
製,5687,7105,4421,2913,2876,4170,4014,4667,4862,4264,11052,4541,5029,6427,696,7903,2693,3403,3310,7422,4589,3193,1195,3283,2665,8590,10650,2137,8590,8036,10241,8249,2835,2995,6635,18839,4181,6719,250,1412,1117,2683,4694,1038,3094,4942,726,2702,4507
総,5687,5828,3701,7639,2876,2405,2391,4667,6699,8594,6998,3327,4277,8749,447,2990,1124,2296,3386,7305,3819,2465,957,2541,2627,3652,9816,1637,3652,3407,9444,5930,6183,6941,9527,3781,4834,7750,28,1566,1918,2920,4002,8756,2281,4986,307,5014,4026
問う,5687,7993,7212,1910,2876,4170,4014,4667,4862,13585,11052,2677,4277,8749,8943,4306,-1,2099,1555,1031,3324,3020,801,3108,1894,3820,6569,1436,3820,3566,6320,1984,4754,4168,6760,6350,413,4430,891,3969,3125,1354,3491,3925,1286,1637,2944,3361,2728
毒,5687,4377,11364,7639,2876,4170,4014,4667,3517,8594,5139,7431,7239,4755,6063,1515,412,10622,6265,1952,1384,1357,3880,1397,2262,1080,3498,1393,1080,1002,3375,2545,1309,1487,1436,15077,2489,2695,882,2622,2846,883,1391,4713,2249,2346,4755,5496,4482
教,6059,4679,11364,7639,2876,4170,4014,4667,4323,3728,11052,11750,7239,5172,638,7735,260,3212,11842,7064,7100,2314,726,2384,1627,5029,9501,2575,5029,4690,9138,14449,3176,2817,11650,9943,2612,10217,2064,1223,1039,2131,3978,8805,1736,7925,1407,14263,6142
現,6059,25005,7212,1342,2876,4170,4014,4667,16460,13585,11052,1941,4621,8749,360,5823,131,4755,4213,8426,6172,4974,1070,5099,1783,3099,4495,2178,3099,2890,4333,5700,3494,3281,9109,17,2748,7577,10226,1841,1205,2541,5588,3380,3188,4736,284,3823,5432
直,6059,5365,5421,7639,2876,4170,4014,2712,8262,8594,2540,7431,10632,4411,2953,3704,124,11874,12651,1811,4822,9829,5294,2123,3529,2656,5571,1555,10582,9924,5504,2415,1144,1253,4809,11459,3979,4761,4957,1702,2320,6518,2543,6480,3125,4622,1634,6917,5527
同,6059,6382,11364,3549,1259,4170,1705,2712,4323,13585,6998,7431,7239,5172,198,443,42,1119,1406,6221,4891,3476,45,3569,1842,5783,3725,1537,5783,5401,3592,6337,4474,4823,5571,759,2902,7598,71,1198,365,2378,2776,3037,2050,2947,185,2552,3373
源,6453,13258,4421,2451,1733,4170,4014,4667,10817,13585,11052,2281,5523,7428,1568,2409,1641,6850,7555,5145,4135,3371,2269,3463,1020,6602,10206,3760,6602,6176,9822,6762,2120,2310,4713,5319,5018,6127,18344,117,447,4490,3565,2523,2704,6445,1288,6228,5520
指揮,6453,5365,7212,7639,2876,4170,848,4667,8262,13585,11052,5541,4277,14260,579,3563,4301,5408,7272,7068,3863,1851,984,1904,1727,3422,2489,1904,3422,3194,2405,5035,1415,1613,10859,5552,3446,3032,1394,3924,3807,1362,4023,2144,1781,3234,566,8691,8517
弾,6453,5828,7212,4754,2876,4170,4014,4667,8262,8594,5139,3327,5523,7428,1245,1814,1323,8645,2649,2539,1738,2517,1321,2594,2228,2664,6884,2071,2664,2477,6623,3233,1102,1109,6284,14612,3019,2644,1765,3667,5569,2323,1822,865,2051,4644,944,1862,1962
格,6881,7105,4421,7639,2876,4170,4014,4667,10817,4264,4109,7431,5029,10747,3810,7722,3272,12079,14259,11261,11950,9507,10947,9753,5748,2978,10867,4531,2978,2777,10449,6642,14966,18992,8355,22728,7282,7239,745,3077,3513,3219,3785,4801,5494,5982,2745,10460,12462
酸,6881,5365,11364,7639,2876,4170,4014,4667,6699,8594,2907,11750,5523,8749,1492,20685,5494,6414,6402,17243,16581,11873,4862,12174,16110,5972,16617,11855,5972,5579,15962,38,5913,6617,12263,24163,23391,5615,32,1942,3445,10162,13769,6729,13300,19962,1903,8175,4343
死,6881,7105,7212,3549,2876,4170,4014,4667,8262,5138,5139,5541,5029,10747,948,872,89,1398,2640,1092,585,509,92,529,527,487,2180,327,487,448,2109,817,91,104,2676,1958,629,927,45,942,856,801,505,386,664,846,991,2182,1907
鹿,6881,10802,5421,7639,833,4170,4014,4667,5635,6377,4109,11750,8574,5712,7941,4762,2282,14347,9530,7984,7103,7257,142,7435,2886,5499,9983,4482,5499,5136,9606,5121,4246,4697,9895,18963,5835,12777,116,1891,2150,4377,6495,5560,5581,12058,5198,13749,9378
少,6881,9191,7212,4754,1001,2405,4014,4667,5635,13585,5139,5541,7239,6427,6832,14587,28,18803,19740,6162,8148,7327,2241,7505,8604,12796,10901,6077,12796,11995,10482,10265,12065,13461,7473,2455,6986,4776,1211,3248,2913,8991,2965,6126,12686,12255,5208,17480,20532
銃,6881,5365,11364,7639,2876,1688,4014,4667,8262,4264,11052,7431,5029,10747,1867,1751,4690,7072,5713,1575,529,513,2524,533,1470,1552,5359,2192,1552,1440,5166,3266,274,307,8906,17425,1190,3347,3407,5336,5685,2507,554,1476,1452,2901,1576,2085,3316
同じく,7460,7105,7212,4754,2876,4170,4014,4667,8262,8594,3399,7431,10632,5712,894,3695,-1,3513,3106,5102,4843,4321,1104,4431,2728,3307,5413,1905,3307,3086,5217,2442,4631,4622,8469,2437,2584,3407,14610,6305,3699,1464,5058,5550,2074,1943,1104,2444,2845
境,7460,6382,7212,7639,2876,4170,4014,1896,5635,8594,6998,11750,8574,6427,3058,13807,1319,9543,9068,12837,13471,11477,1981,7846,4829,1664,8609,3492,6484,6062,8278,6093,19881,18323,12153,3803,5237,9912,4854,2044,2090,7677,10332,7407,5431,6330,3057,11117,10147
谷,7460,5828,11364,7639,2876,4170,4014,4667,4323,13585,5139,11750,14238,5172,2105,1493,740,7614,8217,1388,2804,4737,4771,4859,1657,1600,1657,2594,1600,1486,1599,7810,3682,3951,14276,6662,1320,6579,13866,1744,1874,4975,2903,2379,2590,11497,1484,1137,4462
打,7460,5828,11364,7639,2876,4170,4014,4667,16460,2692,11052,11750,4621,21622,941,8453,113,10607,16384,13,9363,9512,1428,9758,5302,6511,12215,3647,6511,6088,11747,10887,1167,1334,12909,3457,4,1226,9,1180,1583,6225,1215,6,6619,9043,3738,15069,10665
駄,7460,10802,3237,7639,2876,4170,4014,4667,6699,13585,2907,11750,7239,7428,20856,2,5684,9,6,13,2,11667,3586,11966,20193,15750,1623,9739,15750,14758,1568,18940,10,21192,3814,3457,4,21799,9,13508,19245,12544,2,6,13904,8167,12,7,66090
機器,8120,6382,11364,7639,2876,4170,4014,4667,10817,3262,11052,11750,5523,14260,1510,20997,-1,4260,1521,16956,9204,5363,3488,5495,11853,17668,13962,8944,17668,16562,13414,15076,5359,5524,10699,14476,16872,22668,12027,6316,3325,11371,9182,9217,6475,9106,1427,2342,2654
群,8120,6382,11364,7639,2876,4170,4014,1428,6699,13585,6998,11750,6269,10747,575,9130,760,3404,3677,17141,9207,5004,1584,5129,2190,8309,8753,1700,8309,7774,8415,6171,5202,5752,22318,5998,2627,10615,3979,1067,889,3316,4554,1924,2601,4283,652,4558,3686
宝,8120,7105,7212,7639,2876,4170,4014,4667,8262,13585,3399,7431,14238,5712,5461,2556,2582,13781,6877,621,2775,2327,1917,2397,3095,1612,4633,2985,1612,1498,4465,4437,3538,3816,9753,22781,992,5031,5470,2176,1878,3499,2022,4857,4488,5239,1954,7380,5130
野,8120,17146,11364,1910,2876,4170,4014,4667,16460,13585,11052,2677,21702,5172,2970,1696,328,14011,15955,6526,2315,4883,1297,5008,1943,1296,2479,2488,1296,1207,2395,4575,10219,11449,16997,33,2609,1752,1,1113,1390,11280,2308,5050,2243,9754,2053,634,8995
能,8120,6382,11364,7639,2876,1688,4014,4667,16460,13585,6998,3839,10632,6427,4046,9113,1050,7795,12916,7164,7464,7517,1316,7701,3665,10637,12820,4054,5187,4837,12327,10051,4855,4845,5000,12299,6583,10825,723,722,934,11473,1085,1245,4369,10282,3566,11251,15405
遥か,8120,7993,7212,4754,2876,4170,4014,2712,10817,6377,5139,7431,6269,10747,9686,18641,-1,3412,3805,2188,3848,5694,672,5839,5090,3328,6342,1230,10155,9519,1662,5766,5333,5972,7281,4884,1417,3247,974,5752,4282,1931,4034,3263,3961,2694,8063,6358,6733
最も,8120,7993,11364,4754,1733,4170,4014,2712,6699,13585,6998,5541,6269,10747,393,2078,-1,601,613,2452,1045,993,378,1026,1188,1385,4209,1164,1385,1284,4057,2723,789,808,2772,493,1222,1891,549,696,556,935,1101,3299,1189,1434,634,1379,1225
画,8967,7993,11364,4754,2876,4170,4014,4667,5635,8594,11052,7431,6269,14260,1611,9606,1475,6099,6857,7844,10636,6789,5645,6954,2644,5757,5196,2686,5757,5377,5007,6523,6273,6861,7980,11452,5746,12269,109,1434,292,8117,7121,294,3652,8663,1241,2931,3885
終,8967,10802,5421,4754,2876,4170,2391,4667,16460,6377,4109,11750,7239,10747,13310,17063,164,2993,14793,5559,7279,6389,6321,1930,6809,1694,1153,65,5854,5467,22486,9079,3800,3727,1941,19340,8326,1249,340,7201,1926,1257,6648,1596,8970,636,4745,3300,14419
収集,8967,13258,11364,2451,2876,4170,4014,2712,16460,13585,11052,3327,7239,10747,2883,12850,20521,4921,1643,15265,8977,4588,5244,4706,9194,6236,11277,5077,6236,5831,10842,14438,3358,3623,6949,23037,12288,10628,15739,6260,4954,2602,9336,327,5360,5956,3834,4675,3291
沿う,8967,13258,5421,3549,2876,4170,4014,4667,8262,8594,11052,4541,7239,10747,16520,12242,-1,3072,2412,10001,9694,7524,1111,7708,3575,10788,13590,2467,10788,10121,13060,6352,38,46,2004,3781,4668,10305,28,5542,4561,4053,10086,36,4065,2893,3585,4846,3016
天,8967,13258,3701,7639,2876,4170,4014,2712,16460,8594,4109,7431,10632,7428,2042,798,677,4192,4632,3576,942,1765,2236,1817,635,1065,2711,700,1065,988,2620,516,3250,2987,4053,6691,1452,2432,3768,392,405,1703,443,3347,1029,1309,886,2332,2584
供,8967,7105,11364,7639,2876,4170,4014,4667,16460,13585,2540,11750,21702,5712,15671,9682,1271,16231,588,4192,12877,10001,326,10257,4833,10919,13655,3589,10919,10244,11578,15945,10521,11445,11720,440,5180,10640,123,2422,3367,6526,10580,657,5883,7652,9134,763,45128
猛,8967,7105,11364,7639,2876,4170,4014,4667,10817,13585,2907,11750,5523,21622,7518,6589,4742,21534,12194,8028,12719,8051,2985,8251,5514,5531,10764,4042,5531,5166,10350,12858,10433,11526,17934,6437,8670,15398,51,8094,11143,6227,11482,90,6994,6568,4789,15234,16626
股,10047,25005,11364,7639,722,4170,4014,4667,4862,13585,11052,11750,21702,6427,14213,13119,3133,23795,17611,13569,9777,9065,6836,9299,7033,11428,14270,5514,11428,10720,13702,5389,10463,11535,720,2,8333,13989,81,6861,7575,12137,7175,80,6638,3987,12726,18446,15785
根,10047,9191,7212,7639,2876,4170,4014,1896,10817,8594,11052,7431,10632,8749,3288,3943,394,4699,5717,7708,4032,3667,36,3763,2151,2546,4514,1437,2546,2366,4352,3949,5411,5719,5508,13180,3042,2061,18,462,646,2583,3285,6077,1942,2133,3243,1771,4689
程,10047,10802,7212,4754,2876,4170,4014,4667,10817,6377,6998,7431,7239,14260,3219,6275,312,12453,2334,487,7187,7629,85,10262,2127,7289,7761,63,7289,6826,7467,2023,2071,2219,1430,18775,100,382,104,1307,1127,6084,5513,1161,1594,4824,1802,4768,3508
矢,10047,7993,11364,7639,2876,1688,4014,4667,16460,8594,11052,5541,6269,21622,5121,1157,1208,8840,9598,8565,964,3044,48,3132,1539,1371,10784,1636,1371,1271,10369,3848,3517,3709,9345,24,2235,4671,61,810,1078,961,1012,221,1503,3081,2521,6625,7397
負う,11455,10802,11364,4754,2876,4170,4014,4667,10817,6377,11052,7431,8574,14260,8343,3531,-1,3437,1871,344,3170,2863,1092,2948,3015,2529,6103,2516,2529,2350,5882,3451,3540,3519,3669,2932,1001,4433,1001,2688,2757,1646,3318,3836,2664,2378,2908,5805,5591
幸い,11455,13258,11364,3549,2876,4170,2391,4667,10817,13585,6998,7431,8574,14260,16255,4830,-1,8231,1412,5411,4169,5768,1253,5915,2489,6606,7788,1667,6606,6180,7493,2682,4194,4188,3391,23778,2137,4682,7582,15793,12975,2197,4362,3862,1993,2946,19894,4267,3220
通,11455,9191,11364,7639,2876,4170,4014,2712,6699,13585,11052,11750,7239,21622,1797,3973,27,10639,9561,1693,4120,7871,1739,9301,2046,5755,9580,3322,3193,2978,9215,6414,511,553,9151,19301,2655,3034,1650,943,1045,7928,2368,2561,3053,7325,1055,5555,7517
罪,11455,13258,5421,7639,2876,4170,4014,4667,8262,13585,11052,5541,10632,10747,1981,932,630,2970,3404,807,727,772,2499,803,1015,1252,3646,642,1252,1165,3517,2025,580,657,2257,15712,1212,2043,10951,775,611,1875,724,1040,1211,1812,2202,4120,1891
銅,13446,25005,11364,2913,2876,4170,4014,4667,16460,13585,11052,4541,8574,21622,2766,18160,4883,12259,11684,16252,9769,11380,45,11678,6249,14615,5556,5879,14615,13708,17860,24121,8605,10873,21244,3939,7291,18492,71,1613,1886,6875,10137,42,11134,21825,4397,9784,7817
核,13446,10802,11364,7639,2876,4170,4014,4667,8262,8594,11052,11750,14238,10747,1206,8364,10450,2783,4320,12926,6902,3116,10947,3205,5973,5125,14413,4456,5125,4781,13837,5399,1941,1882,7163,14653,8785,8727,745,2565,2998,2902,6673,5440,3890,4979,1810,6067,2675
兼,13446,17146,5421,7639,2876,4170,4014,4667,10817,6377,11052,11750,8574,21622,1508,5114,767,11757,7320,9942,5990,7485,1490,7666,3480,2903,8717,3594,2903,2705,8379,10329,24922,19998,8824,3941,6397,7707,2164,3455,1103,4776,5906,6304,5153,7710,1361,12235,12278
舞,13446,10802,11364,7639,2876,4170,4014,4667,6699,13585,11052,11750,10632,14260,5542,1896,1017,15387,16549,2811,5522,19975,242,20514,3290,4639,5855,5473,4639,4336,638,5431,11458,10586,9287,11536,3721,7180,386,817,1340,11467,4422,3656,2583,11198,2698,7773,5852
功,16266,13258,11364,7639,2876,4170,4014,4667,16460,8594,6998,11750,14238,14260,4919,7064,3450,14110,12446,9643,12108,10923,93,11204,5731,14302,19291,4424,14302,13411,18542,6995,24410,319,20110,15450,7271,19685,137,2789,2836,6942,8923,594,6588,7901,3655,17349,15741
抗,16266,25005,11364,3549,2876,4170,4014,4667,16460,13585,11052,5541,10632,21622,5539,24176,4552,11952,7025,22584,13094,8743,3591,8967,14421,23807,157,9852,23807,22318,148,17394,5585,5997,12033,1930,22742,24216,137,7601,8651,17746,10165,594,21622,22449,5796,10220,12486
槽,16266,13258,11364,7639,2876,4170,4014,4667,8262,13585,11052,11750,10632,21622,16534,32,16499,13479,22610,80,32,22687,5478,23297,20283,44,16783,15697,44,41,16122,25,21003,23642,19529,3781,80,79,28,15523,18112,19715,32,36,19271,24507,17068,16597,18471
荷,16266,13258,11364,7639,2876,4170,4014,4667,8262,13585,11052,11750,14238,14260,18895,6919,1762,20355,16472,10473,7036,7013,6,7186,4546,7478,7578,4231,7478,6996,7291,6944,4750,5545,12824,36,5325,6547,3,3097,3630,4864,6837,3,6948,6614,11559,24850,27389
刃,16266,25005,7212,7639,1733,4170,4014,4667,10817,13585,11052,7431,21702,10747,9225,3086,2976,10909,11385,7189,2866,4166,6027,4270,2437,1604,15634,1961,1604,1490,15018,1279,4703,4953,9158,1,2672,4246,2,2169,2564,1119,2976,2821,1733,2031,5237,3178,4247
再び,16266,13258,11364,7639,2876,4170,4014,4667,16460,8594,11052,7431,21702,10747,556,1548,-1,1264,2130,2837,1780,1726,299,1776,821,1404,4884,815,1404,1301,4707,603,1634,1611,1765,3853,517,1757,2403,2085,1657,480,1872,652,560,467,881,3558,2483
尾,20704,17146,11364,7639,2876,4170,4014,4667,16460,13585,11052,7431,14238,21622,3323,2179,899,11744,16887,27,5614,8382,3467,8595,2150,815,20340,2082,815,753,19552,7229,12158,13928,4986,4465,30,1318,58,968,1220,4202,4841,38,3572,6031,2396,9350,10769
乙,20704,25005,7212,7639,2876,4170,4014,4667,16460,13585,11052,7431,14238,21622,7123,16600,3349,17497,10013,2852,17727,20757,6719,21315,7878,17908,19697,9235,17908,16783,21455,17617,2011,2629,9851,9851,3542,15565,8650,6499,6617,16026,16129,1665,8119,16158,5026,6148,3309
過,20704,17146,11364,7639,2876,4170,4014,4667,10817,13585,11052,11750,21702,14260,4624,11764,88,9177,11225,7804,12481,7826,2471,8019,9985,6390,7231,4208,6390,5976,6957,9790,5866,6630,3285,793,13727,12621,13,2426,2236,6722,2876,2576,6333,6222,7570,17225,10313
欠く,20704,17146,11364,7639,2876,4170,4014,4667,16460,13585,6998,11750,14238,21622,12733,8287,-1,7159,9797,6452,6331,15240,2184,15634,5153,10211,16225,5053,10211,9574,15588,7046,16032,15482,8669,10698,4646,13627,745,3268,3696,8809,6589,3620,8394,7074,6282,7600,15643
甲,20704,25005,11364,7639,1733,4170,4014,4667,10817,13585,11052,11750,21702,14260,4803,1550,1585,12798,8190,16500,17354,14545,93,14931,3762,9420,157,3339,9420,8830,24067,12344,309,319,5311,8698,4828,14725,137,1845,1893,7048,7077,1795,5186,11330,2589,1655,5836
請う,20704,17146,11364,7639,2876,4170,4014,4667,16460,13585,6998,11750,14238,21622,499,17070,-1,13705,14463,453,11309,9631,1930,9878,15138,10142,15350,74,10581,9923,15836,11632,309,319,5860,1930,520,20539,137,8507,8157,5598,11724,5739,12533,5290,18520,147,57842
言,20704,17146,11364,7639,2876,4170,4014,4667,16460,13585,11052,7431,21702,14260,10768,4128,54,15920,18505,486,2714,3719,6709,3819,1147,16025,2939,1863,16025,15018,2835,3033,44,51,4908,6956,742,972,10226,389,442,8690,2314,1044,2961,7265,7591,5005,6078
視,20704,17146,11364,7639,2876,4170,4014,4667,16460,13585,11052,7431,21702,14260,2396,14037,1797,8661,7659,70,13138,7499,1950,7680,5507,8709,4243,3288,8709,8152,4090,8227,7448,7093,10380,335,43,17536,45,6529,6493,3343,11671,9612,4685,5238,2541,12274,10479
商,20704,25005,7212,7639,2876,4170,4014,4667,16460,13585,11052,7431,14238,21622,3473,20192,3094,8086,12827,5843,9844,6811,15062,6977,6519,4383,3308,4603,4383,4096,3189,24822,13104,9826,18979,15973,8505,13011,1211,2820,2711,3280,7791,3672,6259,14454,2738,17478,19149
当,20704,17146,11364,7639,2876,4170,4014,4667,10817,13585,11052,11750,21702,14260,819,3666,174,10454,524,5947,4411,7014,2953,7187,4214,8893,14477,2055,8893,8329,9229,4449,6275,6830,2126,6350,5567,3944,891,2141,2536,4571,1660,970,3467,4529,907,3809,5679
