word,hiragana,katakana,JPDB_rank,cejc_combined_rank,cejc_small_talk_rank,cejc_consultation_rank,cejc_meeting_rank,cejc_class_rank,cejc_outdoors_rank,cejc_school_rank,cejc_transportation_rank,cejc_public_commercial_rank,cejc_home_rank,cejc_indoors_rank,cejc_workplace_rank,cejc_male_rank,cejc_female_rank,ADNO,ANIME_JDRAMA,AOZORA_BUNKO,BCCWJ_LUW,BCCWJ_SUW,CC100,CHRISKEMPSON,DAVE_DOEBRICK,DD2_MIGAKU_NETFLIX,DD2_MORPHMAN_NETFLIX,DD2_MORPHMAN_NOVELS,DD2_MORPHMAN_SHONEN,DD2_MORPHMAN_SOL,DD2_YOMICHAN_NOVELS,DD2_YOMICHAN_SHONEN,DD2_YOMICHAN_SHONEN_STARS,DD2_YOMICHAN_SOL,DD2_YOMICHAN_VN,HERMITDAVE_2016,HERMITDAVE_2018,HINGSTON,H_FREQ,ILYASEMENOV,INNOCENT_RANKED,JITEN_ANIME,JLAB,MALTESAA_CSJ,MALTESAA_CSJ_DOKWA_GAKKAI,MALTESAA_CSJ_DOKWA_MOGI,MALTESAA_CSJ_DOKWA_ROUDOKU,MALTESAA_CSJ_DOKWA_SAIRO,MALTESAA_CSJ_DOKWA_SONOTA,MALTESAA_CSJ_TAIKA_JIYU,MALTESAA_CSJ_TAIKA_KADAI,MALTESAA_CSJ_TAIKA_MOGI,MALTESAA_NWJC,NAROU,NETFLIX,NIER,NOVELS,RSPEER,VN_FREQ,WIKIPEDIA_V2,YOUTUBE_FREQ,YOUTUBE_FREQ_V3
の,の,ノ,1,6,5,5,3,4,7,5,5,5,6,6,4,4,7,1,1,328,1,1,1,1,1,3,3,2,2,3,2488,2,2,3,1,2,2,1,16997,33,2609,1,1,2,1,3,4,1,1,4,6,4,2,11280,1,1,2,1,9754,1,1,1
は,は,ハ,2,13,16,10,10,9,18,9,17,14,14,17,10,10,17,3,4,1936,2,4,7,2,3,2,2,6,3,5,1404,3,3,5,4,3,3,4,5452,1,2057,4,2,6,9,8,2,9,7,9,7,8,8,1448,3,8,7,4,2551,4,6,6
に,に,ニ,3,15,17,11,14,10,16,16,9,15,15,15,16,13,14,2,6,30,4,2,3,5,5,5,5,5,5,6,29,5,5,6,6,6,6,3,440,36,137,6,3,5,6,5,8,7,11,15,15,12,5,54,5,3,8,2,124,2,3,5
が,が,ガ,4,12,13,13,13,6,9,14,12,11,12,12,15,11,12,9,7,1906,6,9,4,3,7,8,8,10,8,7,19996,8,8,7,8,11,11,7,-1,26,19854,5,5,7,11,10,6,8,9,12,10,14,13,3087,7,9,10,5,8925,7,4,7
と,と,ト,7,17,18,14,12,11,20,13,18,16,19,21,11,15,15,8,15,443,8,10,10,8,12,11,11,11,11,13,24431,11,11,13,11,16,17,10,8319,8,2029,12,10,4,2,4,11,4,4,8,16,10,14,8045,12,10,12,10,5082,9,11,4
も,も,モ,8,14,14,15,16,12,12,18,16,10,16,14,17,18,9,15,18,4286,11,12,13,7,15,10,10,18,10,9,16663,10,10,9,13,17,19,12,16636,289,15333,11,11,16,19,12,31,17,16,16,21,13,19,22209,15,16,18,13,24268,18,19,14
だ,だ,ダ,9,2,1,1,2,1,1,1,1,1,1,2,2,1,2,54,2,113,7,5,6,13,2,1,1,9,1,1,3647,1,1,1,2,10,10,29,12909,3457,4,10,4,3,5,2,1,5,3,2,2,1,7,6225,2,6,4,14,9043,12,7,3
から,から,カラ,10,26,25,27,32,40,31,29,24,26,24,23,30,27,27,19,23,3250,21,24,22,15,23,30,34,24,37,28,2,37,34,25,17,28,35,28,10398,70,2,17,16,33,30,38,34,26,33,43,58,44,42,21788,23,19,22,17,12585,19,23,23
よ,よ,ヨ,11,16,11,18,24,36,13,15,11,17,11,9,24,14,16,1197,13,147,41,54,69,6,11,13,13,36,13,10,810,13,13,10,18,20,22,107,6416,6043,1223,9,9,83,390,70,55,135,44,28,28,38,50,3353,11,24,40,20,2444,656,20,25
する,する,スル,12,13446,13258,7212,7639,2876,4170,4014,4667,16460,8594,5139,11750,14238,10747,16,9,-1,14,6501,15,107,9,9,10746,12,18652,21239,9,9,9,8,9,32,41,27,184,1771,67,16,7,6760,11641,4325,6932,7368,6267,2453,7296,7322,22189,20459,9,5,13,19,8143,3,10,11
か,か,カ,13,10,9,12,17,21,8,8,15,8,13,13,14,16,8,58,12,540,22,25,19,11,14,16,16,22,15,15,567,15,15,15,16,15,16,21,1741,793,3778,14,8,23,34,20,10,29,24,11,5,15,37,463,14,12,21,15,1128,56,18,15
こと,こと,コト,14,20704,17146,11364,7639,2876,4170,4014,4667,16460,13585,11052,7431,21702,14260,21,25,73,15,18,29,31,28,26,29,23,25,29,6,25,22,26,19,37,42,19,35,1676,8,20,18,20,18,22,21,19,23,31,68,36,33,6,28,60,24,23,5,22,24,21
なる,なる,ナル,15,13446,10802,11364,7639,2876,4170,4014,4667,16460,5138,11052,11750,14238,10747,49,29,-1,2273,3019,35,56,33,32,17060,25,4759,20525,11,29,26,33,27,12688,13339,75,1600,15964,11658,31,22,2885,3176,2344,3223,793,2244,1858,3727,1832,4758,21661,33,26,28,56,21368,20,25,28
それ,それ,ソレ,17,8967,7105,11364,7639,2876,1050,4014,4667,16460,8594,6998,11750,14238,6427,83,44,515,13304,15185,124,21518,48,37,8431,35,7966,8732,7,35,32,32,33,33,40,66,-1,8420,3087,49,31,19368,17907,28,19384,19505,3141,19505,19509,19518,12993,8,48,47,33,64,8,147,35,34
ね,ね,ネ,18,3,3,3,5,5,3,3,3,3,4,3,3,3,3,1543,19,394,38,52,42,10,20,19,21,50,27,20,1437,27,24,19,31,31,38,82,5508,13696,3042,15,13,24,38,21,41,24,14,5,3,5,46,2583,20,25,52,26,2133,1572,14,17
な,な,ナ,20,35,34,40,40,43,30,33,29,37,33,37,40,33,38,22,22,118,67,93,89,14,22,22,24,57,18,22,224,18,17,20,28,7,7,13,2211,3977,379,8,14,64,257,52,26,134,103,46,32,54,67,505,22,29,53,11,815,933,36,35
です,です,デス,23,20,23,16,7,8,26,19,26,18,31,30,7,17,23,1121,14,-1,17,16,14,17,18,17,17,27,23,18,57,23,21,18,21,21055,22192,22,-1,4412,40,22,15,14,14,9,15,14,5,3,1,3,20,-1,18,17,27,18,-1,968,9,12
その,その,ソノ,25,97,95,97,81,126,146,82,124,99,107,134,72,80,117,25,49,2831,14438,14072,4354,57,61,52,1453,32,1182,792,5,52,48,60,40,61,71,48,11887,878,5,55,48,48,45,46,1061,85,55,53,506,58,6108,6086,61,37,30,51,4729,37,40,36
そう,そう,ソウ,28,7,7,6,8,16,6,7,7,6,7,7,6,7,6,788,32,3418,52,69,60,80,32,33,37,39,44,34,14,44,41,31,25,38,46,100,7852,3781,80,79,60,40,58,35,30,53,35,10,19,16,171,14,32,36,34,40,9,1084,38,33
ない,ない,ナイ,30,23,21,26,25,27,23,23,20,24,21,19,26,25,21,33,10,239,18,19,17,29,10,14,14,15,14,16,1,14,14,16,10,4360,4117,15,670,12211,27,52,27,32,44,29,24,36,36,24,20,28,27,252,10,13,16,12,236,21,16,18
くる,くる,クル,31,6881,7105,4421,7639,2876,4170,4014,1428,10817,13585,2907,11750,8574,5712,1177,48,14387,51,22629,45,21,54,57,60,47,18134,24362,54,57,52,50,39,256,280,252,56,-1,6,233,43,9445,21515,8263,9563,9871,2098,9810,9851,9846,17640,15863,54,57,43,190,4832,167,47,46
さん,さん,サン,32,53,53,59,48,69,57,69,58,53,53,48,52,56,51,748,30,55,3856,55,48,16,56,34,38,64,40,30,49,40,37,27,38,72,83,79,771,4345,32,36,32,99,243,75,1066,82,90,93,29,95,49,23,56,62,45,80,15,565,65,43
だけ,だけ,ダケ,33,96,98,89,100,79,97,90,108,96,98,95,98,96,96,238,74,-1,54,72,57,73,66,60,66,67,62,73,24,62,57,68,48,78,89,103,-1,-1,34,85,44,107,124,98,84,189,96,102,129,113,100,-1,66,118,58,53,-1,262,55,67
いい,いい,イイ,34,4442,3914,7212,3549,2876,4170,4014,1896,8262,2091,11052,5541,3974,5172,1152,36,1703,10149,12323,213,51,31,29,16719,76,5159,9899,31,41,38,29,42,17211,16181,124,-1,24573,83,46,29,5964,23396,3737,6158,2586,9893,6525,6544,6590,12668,4367,31,54,66,36,3688,1349,68,48
これ,これ,コレ,36,11455,9191,11364,7639,2876,4170,4014,4667,16460,4264,11052,11750,21702,7428,52,39,599,42,47,144,53,42,43,48,68,47,46,19,47,44,42,56,53,61,69,12820,10296,85,38,37,37,21957,51,35,37,27,79,43,99,86,27,42,33,64,46,26,90,26,26
そんな,そんな,ソンナ,40,128,121,144,192,234,134,168,100,125,128,121,155,125,131,2551,76,-1,138,191,148,65,101,119,126,121,93,94,53,93,85,87,57,119,131,257,-1,-1,68,90,70,230,1017,137,1119,275,228,123,160,115,274,36,102,132,85,150,34,3555,97,129
わ,わ,ワ,42,159,140,204,285,214,208,184,179,179,120,131,300,182,146,2593,51,1354,179,255,1170,69,29,28,31,114,68,57,24507,68,62,52,58,27,34,661,5998,7497,53,69,40,960,3710,887,153,994,602,577,730,2812,290,3432,29,317,133,72,2628,924,221,195
まで,まで,マデ,44,112,115,109,114,111,139,128,98,110,112,118,111,106,111,44,75,1118,45,58,47,91,76,71,78,58,61,84,23,61,56,77,55,87,100,84,12804,688,33,97,59,81,114,81,25,101,107,128,374,116,85,-1,78,112,59,54,-1,41,76,70
し,し,シ,45,92,88,92,98,144,91,87,85,90,88,97,95,98,90,10,112,89,92,130,107,70,112,101,108,140,110,64,24144,110,101,59,70,13,14,11,2676,335,43,77,71,122,407,86,303,245,152,83,130,91,141,801,115,377,117,9,846,2665,122,113
もの,もの,モノ,46,109,92,140,183,298,110,110,93,104,104,93,146,112,100,45,120,53,1114,1806,102,152,132,109,566,42,440,255,12,102,93,99,74,102,115,59,638,8958,31,128,93,5001,13262,11111,5226,5806,1871,254,304,615,1071,41,136,147,50,75,203,49,61,55
あの,あの,アノ,48,31,30,35,27,46,41,31,31,32,35,35,28,30,34,4382,54,-1,10606,7939,1034,39,84,87,94,83,83,97,39,83,76,90,84,103,118,425,-1,10248,25,65,50,18,22,17,1059,21,21,27,42,21,816,88,86,94,107,221,50,3055,128,103
もう,もう,モウ,51,41,38,43,49,38,33,42,39,41,40,38,45,41,41,1237,56,4742,94,134,168,45,60,50,56,113,58,56,35,58,53,51,68,73,84,217,17934,6437,105,62,54,55,117,40,1016,109,68,55,67,46,170,57,60,90,94,107,28,1683,53,47
ああ,ああ,アア,56,27,27,38,34,33,27,25,26,27,28,26,31,28,28,18144,65,7962,509,739,2058,55,71,72,79,226,55,54,140,55,50,49,61,96,106,1279,22802,3962,180,81,61,1310,3340,779,685,1466,889,359,738,689,671,2250,72,58,185,167,1036,13225,297,242
なんて,なんて,ナンテ,60,295,263,338,691,627,239,1362,227,290,296,263,347,292,286,10589,94,-1,232,355,317,83,106,115,122,202,109,104,192,109,100,97,90,151,168,344,-1,-1,156,106,82,385,1164,239,532,946,242,370,384,380,257,-1,108,171,166,151,-1,8470,359,363
や,や,ヤ,61,146,136,257,111,1259,557,524,92,199,86,316,159,120,182,24,67,419,33,37,26,36,62,128,135,59,151,197,330,151,138,188,89,46,53,61,1947,24,971,907,57,129,126,129,226,213,153,644,222,777,70,704,62,221,62,33,751,25,63,54
ながら,ながら,ナガラ,63,284,314,269,258,124,392,629,288,246,324,363,263,292,270,258,464,-1,87,114,115,641,463,421,438,75,467,499,27,467,431,477,79,592,617,186,-1,-1,37,3930,366,190,316,141,321,246,212,305,1822,217,212,5810,483,412,71,202,4334,378,170,152
そして,そして,ソシテ,65,784,834,591,1014,1001,1050,1118,744,996,932,511,978,1560,578,317,174,-1,93,133,137,268,194,205,214,122,164,335,61,164,151,319,125,131,143,160,-1,37,61,221,176,127,134,126,557,168,95,1427,257,991,285,-1,204,391,113,193,-1,499,93,69
こんな,こんな,コンナ,67,230,252,197,342,117,282,313,188,241,220,204,291,260,223,7635,114,-1,214,318,272,122,143,162,171,198,111,127,108,111,102,120,128,175,193,361,-1,-1,167,114,98,381,527,347,1195,945,195,238,517,551,338,155,149,121,169,177,80,6996,154,125
どう,どう,ドウ,71,76,85,75,57,75,85,68,95,80,80,82,66,72,82,860,52,42,64,76,88,94,51,35,39,105,42,41,17,42,39,37,71,41,49,162,5571,759,185,91,63,80,83,90,39,129,63,47,38,53,139,29,52,42,60,104,22,1012,117,64
いや,いや,イヤ,72,52,48,60,66,82,55,55,44,50,48,57,62,47,63,14937,84,494,537,4243,3073,46,117,107,114,167,92,75,94,92,84,70,102,124,139,783,233,6747,120,117,80,2054,9244,473,2473,3608,8169,70,131,81,2707,318,123,310,183,284,132,13835,135,147
はい,はい,ハイ,74,30,39,19,21,25,43,39,41,28,46,49,18,26,35,11012,45,1690,747,1175,2377,20,86,82,89,458,101,72,175,101,92,67,112,343,350,2233,9623,4972,358,89,74,209,637,459,1018,1126,197,34,4,29,1682,3810,88,134,308,638,7604,13179,90,62
さ,さ,サ,77,44,40,45,96,234,48,40,36,43,37,40,64,46,44,13,69,402,376,115,113,67,65,80,87,74,91,89,1732,91,83,82,63,35,43,37,2902,8739,90,148,72,168,180,162,319,68,313,423,778,994,159,82,65,159,93,22,104,136,121,111
じゃ,じゃ,ジャ,80,4252,4377,3701,3549,2876,4170,2391,2712,6699,3262,3399,4541,3974,4755,3438,26,-1,1171,1897,3343,23,34,211,220,65,123,450,3765,123,114,202,36,47,56,190,-1,24371,52,161,21,4019,2815,5553,4289,4963,2936,1987,4736,4897,1808,20529,35,236,222,49,8053,2190,52,285
うん,うん,ウン,85,1,2,2,1,2,2,2,2,2,2,1,1,2,1,12004,59,326,1062,1705,4034,50,100,102,109,588,71,51,369,71,65,46,86,284,239,3066,3755,13881,519,76,62,104,2172,186,201,939,450,1,8,2,2061,1798,103,722,393,584,2517,11480,158,145
ため,ため,タメ,87,8120,9191,4421,7639,2876,4170,4014,4667,4323,13585,6998,11750,10632,6427,34,104,507,60,24648,114,4843,90,89,20164,116,12793,18192,55,106,97,166,137,101,112,98,614,981,4002,268,111,128,119,139,276,157,191,283,690,236,11140,17928,94,120,102,71,15747,32,109,98
ちゃん,ちゃん,チャン,93,83,75,98,273,234,58,94,73,113,57,58,175,111,73,1863,70,-1,10134,269,437,59,152,95,102,287,74,39,648,74,68,35,73,450,389,464,-1,12863,258,127,53,390,2583,316,68,509,686,292,276,381,126,97,160,767,155,212,25,725,934,232
みたい,みたい,ミタイ,95,59,58,61,60,76,59,53,71,55,64,70,60,61,58,9757,137,-1,218,328,345,115,123,125,132,246,184,125,212,184,169,118,110,159,174,527,-1,-1,187,172,89,178,632,120,1099,287,269,66,107,82,235,134,133,188,213,131,67,9333,60,88
あれ,あれ,アレ,98,185,173,177,239,183,166,157,186,185,170,160,217,176,181,1416,109,-1,3996,4504,2566,114,163,194,543,262,296,235,106,124,115,137,223,251,262,295,-1,18105,269,112,94,2469,2328,2365,2848,2208,2848,741,356,3677,3328,159,174,117,268,161,135,11366,186,191
らしい,らしい,ラシイ,102,249,235,321,295,497,214,214,264,264,254,232,283,252,251,4119,301,-1,261,408,511,672,317,398,415,145,393,386,83,393,364,366,187,-1,-1,447,-1,19300,260,318,277,426,1015,249,1224,670,214,372,315,202,369,499,335,165,149,376,465,1097,640,407
ほど,ほど,ホド,104,703,665,1027,1152,497,620,686,858,657,846,687,885,740,696,388,309,312,114,151,152,487,300,290,303,131,247,469,63,247,229,448,153,354,390,256,1430,18775,100,383,241,289,335,257,571,338,376,366,1144,420,300,6084,315,921,129,247,4824,468,348,318
など,など,ナド,111,952,1047,1491,876,283,1050,2391,744,1016,1940,1238,589,748,1374,28,306,15617,37,51,39,392,348,343,358,133,252,568,72,252,234,546,201,555,589,87,-1,50,69,425,290,137,154,136,205,99,222,778,340,1429,90,-1,369,607,127,92,-1,29,131,120
より,より,ヨリ,112,239,238,257,276,256,221,303,278,237,226,259,252,250,235,38,171,-1,91,123,79,207,154,135,142,128,129,167,67,129,120,158,127,160,178,131,7011,305,106,194,119,164,195,191,48,207,226,163,216,147,134,1112,162,133,120,98,884,61,139,142
なんか,なんか,ナンカ,115,250,229,336,358,497,260,452,233,247,275,193,335,237,271,19307,139,13547,474,799,1408,172,235,459,477,334,321,392,316,321,296,372,175,475,489,2084,20844,-1,353,22857,129,232,678,147,528,234,150,222,379,266,846,12266,243,609,486,227,22803,13776,167,231
しか,しか,シカ,116,187,171,194,211,207,196,172,149,181,175,175,199,165,197,701,191,2282,197,253,230,377,206,217,227,219,188,236,128,188,173,224,186,285,306,287,9895,18963,345,285,151,291,417,225,1147,428,342,247,294,240,275,4377,214,499,188,168,12058,746,195,222
よい,よい,ヨイ,122,20704,17146,11364,7639,2876,4170,4014,4667,16460,13585,6998,11750,14238,21622,2623,105,1584,77,48,41,813,110,105,33,166,41,32,2359,138,127,104,188,5893,6294,551,17,18992,355,158,96,68,112,61,313,128,75,54,47,63,54,16,113,694,178,1270,11,1141,409,244
とも,とも,トモ,123,2944,3028,3237,1910,2876,2405,2391,4667,2435,4264,4109,2281,2144,4755,140,648,787,1289,906,588,452,688,747,1461,325,1121,1970,122,797,736,777,552,392,429,664,4805,440,153,965,406,1997,1526,2462,2424,3577,1235,1733,1356,1177,1596,3859,720,657,237,495,3538,545,763,378
くらい,くらい,クライ,127,77,81,82,87,108,83,84,63,77,82,81,88,75,83,4374,407,323,119,152,160,573,399,381,397,266,311,222,163,311,287,211,171,377,409,301,1446,-1,225,346,231,95,181,73,380,142,113,77,117,57,181,1313,419,669,220,196,887,4407,96,183
よう,よう,ヨウ,131,8967,7105,11364,7639,2876,4170,4014,4667,10817,3728,11052,11750,5523,21622,46,72,246,19645,284,64,155,73,77,5298,31,4850,7055,10,72,66,80,35,51,59,41,838,3841,476,292,106,706,672,664,1408,834,925,2697,466,655,223,537,75,45,32,47,888,42,42,38
もっと,もっと,モット,132,269,267,305,248,339,244,269,241,279,267,278,266,275,257,4559,224,-1,318,501,386,272,219,227,237,415,235,223,270,235,218,212,172,214,243,440,-1,10899,406,235,209,421,745,318,1220,599,229,195,711,259,525,360,229,332,377,276,116,4582,369,282
ずっと,ずっと,ズット,133,211,197,226,328,429,282,227,165,206,214,200,228,208,209,5827,278,-1,451,714,650,240,285,283,296,460,356,228,279,356,328,217,227,293,325,873,-1,21900,450,302,216,329,978,203,401,501,235,259,1149,175,930,381,302,1516,367,444,149,5722,445,316
こう,こう,コウ,137,61,65,54,61,39,64,57,72,57,66,64,59,60,59,499,284,59,100,138,221,2336,227,169,178,274,220,157,74,220,203,148,295,309,319,469,2468,1930,18060,329,264,50,50,50,272,49,39,38,83,43,448,137,236,594,177,472,90,1238,147,59
ばかり,ばかり,バカリ,146,433,397,591,607,497,620,1362,405,441,390,407,520,509,383,2088,541,-1,198,292,417,658,410,395,412,180,542,575,104,542,499,551,321,560,583,493,-1,-1,151,478,472,624,1727,365,612,1379,532,378,883,650,509,-1,434,617,208,511,-1,2403,775,1020
ちゃんと,ちゃんと,チャント,150,210,200,251,215,155,232,160,264,198,204,233,249,230,194,19729,252,-1,781,1206,976,213,449,449,467,740,454,224,525,454,419,213,233,670,663,1131,46,-1,721,390,208,757,1254,507,1440,837,711,201,1218,395,803,503,473,710,650,533,180,10826,296,289
どんな,どんな,ドンナ,153,581,650,537,536,429,620,1118,1428,556,553,854,543,613,571,5815,276,-1,271,422,302,317,272,298,311,324,336,354,174,336,310,337,367,213,244,652,-1,-1,294,308,279,496,746,557,148,1629,326,351,279,139,680,440,285,667,330,459,283,5866,377,355
こそ,こそ,コソ,177,497,501,531,566,722,513,452,1168,478,651,589,414,566,455,2251,254,-1,324,508,523,510,374,251,263,356,243,326,211,243,225,310,240,398,422,645,-1,-1,479,332,235,990,1268,694,1606,997,1350,514,908,336,915,18697,397,447,272,494,19311,2656,590,459
おい,おい,オイ,188,938,801,1169,2451,2876,788,1362,433,996,805,1079,1941,748,1288,94,133,3565,1777,2656,8137,15851,167,161,169,940,100,155,4406,100,91,146,581,176,200,1086,6536,13935,6042,204,154,6973,8099,5773,7142,1754,10545,2221,7498,7516,2365,12432,175,1042,708,597,23465,13257,1184,532
ゆっくり,ゆっくり,ユックリ,189,717,754,983,1587,171,698,1118,633,564,846,887,1277,809,667,9003,864,-1,710,1094,1094,846,781,781,812,531,1131,1012,338,1131,1049,974,307,939,977,1889,70,-1,526,950,962,1673,2155,1191,2155,2064,1115,722,2728,3166,1683,444,815,697,465,1405,214,10631,1162,1084
ほら,ほら,ホラ,191,113,102,118,367,283,94,222,90,139,87,91,163,142,98,5087,198,4284,2374,3389,9493,189,266,267,279,1282,332,173,816,332,307,164,259,371,402,6375,22601,-1,1291,303,195,1587,8523,4614,170,3366,1962,719,531,1643,5357,15696,277,1603,955,2937,16246,3773,1778,628
ほう,ほう,ホウ,215,374,356,356,592,1259,1050,430,517,306,358,468,529,313,447,2171,204,16,3960,5294,1293,153,174,202,2073,160,2012,2356,183,172,159,156,398,558,542,490,40,8748,93,359,140,8335,10360,11171,8474,8818,11526,8743,326,2227,5974,24184,184,5510,217,415,61,2383,583,277
つつ,つつ,ツツ,221,1319,1697,1027,764,1733,1304,686,2712,1677,2692,1731,786,1415,1250,1030,3182,3758,584,631,788,4736,3470,2820,2905,605,2438,2506,362,2438,2266,2421,549,3553,3777,654,5845,-1,776,2218,1475,1274,1297,1083,1826,1978,781,1124,1297,1579,823,6895,3652,1366,425,883,15495,1445,1514,1062
せい,せい,セイ,250,20704,25005,7212,7639,2876,4170,2391,4667,16460,13585,11052,11750,21702,14260,2038,411,804,3172,111,3088,2047,258,240,21378,556,7513,17594,207,423,392,401,416,353,383,1263,909,9158,1391,443,387,147,98,441,560,376,279,477,1123,993,177,191,270,1038,418,509,357,2980,1939,1413
さえ,さえ,サエ,268,1433,1303,1574,2451,1733,1304,975,1428,1147,1819,2276,1941,1328,1569,3385,790,1807,419,695,1188,1269,973,823,854,318,526,1054,198,526,483,1016,467,587,650,918,-1,-1,402,860,535,1678,1957,1178,2159,3403,2786,1675,2732,3171,1847,19440,1022,1158,405,967,16569,3710,2471,1643
すら,すら,スラ,270,1753,1668,2363,1587,1733,2405,572,4667,1433,2261,4109,2281,1328,2636,3862,2060,-1,1297,2085,1922,2658,2212,1823,1876,1054,923,1825,762,923,857,1764,598,1662,1873,2332,-1,-1,1328,1421,1089,3688,4770,2612,3977,4693,5494,955,1473,4619,2261,15846,2327,1297,623,1503,14471,3676,1691,2086
つく,つく,ツク,276,656,1783,764,194,1259,1050,1118,1896,1433,1940,3399,259,514,941,4383,247,23920,364,80,74,1788,229,341,363,139,478,574,155,382,353,397,199,3054,3178,2118,1866,-1,1066,668,260,94,61,177,66,80,295,361,412,776,111,166,237,145,114,1265,261,1005,199,80
あら,あら,アラ,278,323,284,442,876,1733,173,327,517,356,332,225,564,482,256,10119,364,504,3083,3867,9826,548,563,553,576,1403,718,509,501,718,664,487,843,698,773,3374,2901,-1,1048,559,555,3690,3596,4342,3979,4695,1596,759,437,744,4853,6788,593,1322,1745,1622,24436,8784,5754,3744
よし,よし,ヨシ,279,490,503,434,844,722,251,284,984,621,414,458,945,438,551,4768,272,1236,3125,3906,6557,245,298,307,321,1404,362,430,508,362,334,410,669,220,242,3277,10709,14598,1099,327,372,5235,8038,3779,5445,6007,3494,5883,1017,5934,5911,9643,316,572,1016,1061,8970,4458,1604,348
とる,とる,トル,327,500,1139,2179,139,1733,1688,1118,1896,2069,985,733,205,357,953,3233,235,-1,2279,3366,584,404,326,413,743,201,479,1103,95,379,350,440,503,-1,-1,1762,362,-1,455,688,407,2816,2677,3321,3162,2282,680,1241,3669,3934,2335,78,347,399,189,1342,100,957,646,188
つい,つい,ツイ,340,1551,1366,3237,1910,722,4170,1705,1896,1381,1727,1383,1941,2075,1288,86,1336,164,1463,2315,2518,1316,1871,1877,1930,1042,1694,1153,65,1694,1571,1111,997,3293,3376,653,1941,19340,1188,1250,1630,2735,4905,1721,3084,1265,2004,3821,3602,3873,3158,1257,1975,3209,1045,402,636,16907,3300,1387
どれ,どれ,ドレ,342,4252,3547,5421,7639,2876,1688,4014,4667,6699,2261,4109,11750,4621,4107,5619,633,-1,18734,19455,1741,2557,740,652,12020,910,3231,10422,244,671,621,594,569,449,488,1059,22224,-1,4245,1078,603,668,15976,966,1382,749,475,407,240,312,14590,393,771,2313,626,674,435,5549,544,506
はっきり,はっきり,ハッキリ,363,1277,1614,1224,661,1733,1688,848,1428,1808,1629,1731,803,961,1876,4510,1311,-1,765,850,1369,1188,1520,1459,1503,514,1417,2024,321,1417,1314,1955,1128,1088,1222,1113,935,-1,481,1816,1247,898,985,769,1541,697,693,573,2160,576,2364,962,1605,-1,714,2024,660,5819,2097,1325
どんどん,どんどん,ドンドン,379,449,441,545,476,339,620,1118,858,448,592,343,448,406,484,15152,1143,-1,1075,1743,1141,1421,1959,1873,1926,2298,1297,1504,1611,1297,1208,1451,987,3987,3773,1431,106,-1,2243,1277,1180,443,845,308,1236,1848,362,273,1904,1009,2320,1453,2068,841,1586,1588,717,16445,433,351
すっかり,すっかり,スッカリ,382,3103,2572,3701,7639,2876,1688,4014,1896,3517,3728,1876,4541,3722,2636,16430,1601,-1,1150,1877,2481,2187,2509,2359,2429,645,2191,2007,428,2191,2033,1938,1229,3965,4329,2384,594,-1,684,1655,2297,4275,9284,2620,4533,5177,5587,5061,4968,5106,2999,1635,2637,2469,982,4260,905,16866,7544,6868
まい,まい,マイ,386,7460,7993,5421,4754,2876,4170,4014,4667,10817,4264,5139,7431,8574,6427,9862,965,1250,1026,1669,5908,3489,1507,1405,1446,396,771,1585,243,771,713,1531,983,2049,2033,2615,1343,5380,3119,6573,774,6449,5252,6568,6632,7080,4410,6967,6995,7035,4642,536,1578,1815,691,586,974,6403,9425,5502
のみ,のみ,ノミ,395,2688,5365,1574,1152,2876,4170,1705,4667,3860,3728,5139,1277,2395,3058,171,1428,6895,344,503,398,2345,1646,1636,1682,877,1198,3078,548,1198,1113,2970,1210,2030,2140,665,-1,2294,984,1377,1149,584,359,1743,1321,219,3184,2665,1984,2665,328,18991,1726,797,875,463,19634,149,1414,1324
そうそう,そうそう,ソウソウ,410,20704,17146,11364,7639,2876,4170,4014,4667,10817,13585,11052,11750,21702,14260,9736,5680,16524,7063,6165,9958,6366,9423,8870,9098,5182,4867,4903,3854,4867,4542,4726,4375,3628,2699,3878,292,-1,5106,1933,635,17027,17611,12647,17058,17210,18624,17199,17210,17218,7443,3256,9802,2487,3197,8393,3345,11719,13013,854
ぜ,ぜ,ゼ,439,898,855,803,1716,2876,904,452,2712,1124,568,1238,2281,657,1599,8086,98,1555,1236,1993,4142,328,173,186,195,483,66,160,21902,66,60,151,256,226,257,2316,2351,-1,334,171,85,9188,10393,7852,9310,9627,3645,9565,9605,9606,788,12855,183,455,572,286,11628,3662,1190,758
もつ,もつ,モツ,445,4442,3730,5421,7639,2876,4170,4014,4667,3224,13585,2059,11750,6269,3619,2282,975,-1,79,95,2050,192,1528,1332,139,314,153,159,131,864,800,1256,651,-1,-1,2335,207,-1,107,1092,778,106,144,94,62,212,128,143,686,169,15811,17086,1613,1116,485,4426,21367,1095,1666,946
ふむ,ふむ,フム,464,16266,25005,5421,7639,2876,4170,4014,4667,8262,13585,11052,11750,10632,21622,15297,2458,-1,9862,10217,16486,2765,4654,5167,5297,2194,2140,1953,2566,2140,1986,1888,1027,5727,6084,19862,580,-1,1057,2025,2341,3277,3936,2262,3595,4381,8533,4239,4076,4296,9731,1947,4861,1162,2628,12514,1605,15669,2878,11297
てる,てる,テル,478,18,15,24,23,17,15,22,14,19,17,16,23,19,18,3931,21,-1,49,67,54,58,16,15,15,72,20,17,135,20,18,17,24,-1,-1,199,21446,-1,201,2801,252,31,43,27,197,56,41,22,31,25,38,-1,16,31,56,27,20233,1675,34,27
きり,きり,キリ,485,3966,3730,4421,3549,2876,2405,4014,1896,4323,5138,3399,3839,6269,3058,7698,3746,1537,1550,2436,3964,12020,2906,1850,1903,1216,2237,1526,695,2237,2075,1473,2767,2841,2917,4121,3192,21614,15274,2891,1869,3381,5372,2128,3693,4452,8571,4317,4165,4375,3265,8064,3058,5575,1434,3312,7926,5838,7806,7526
あっさり,あっさり,アッサリ,505,3966,3142,7212,7639,2876,4170,1705,1896,4323,5138,2540,7431,3486,4755,21104,4398,-1,3758,4655,6383,5771,7483,6502,6663,2711,3415,3812,2010,3415,3187,3672,2050,16901,14376,5679,2675,-1,2881,3535,3326,9597,16694,6703,9714,2757,12494,9955,9994,9988,5141,1306,7803,4569,2015,7901,1561,13879,7394,6269
はは,はは,ハハ,510,5687,5828,4421,4754,2876,4170,1705,4667,6699,6377,4109,5541,5523,5712,830,841,272,8758,10772,23803,137,378,6516,1224,381,779,881,4265,2834,2642,3989,1425,20055,23080,1129,1027,1108,278,891,516,608,20041,325,1341,693,998,295,1189,500,8817,378,383,1723,4200,722,263,586,3380,1997
きちんと,きちんと,キチント,524,1629,1813,1224,1910,1259,1688,2391,2712,1808,1159,1486,2677,1879,1472,15678,2854,-1,1141,1372,974,2314,3683,3307,3398,2195,5710,2770,1539,5710,5334,2677,2179,3502,3803,1533,1046,-1,2308,3065,2880,1177,1223,914,1747,1450,1057,1569,2345,1091,2682,1626,3852,4844,1778,3164,1376,16207,3542,1328
たる,たる,タル,530,4880,4147,5421,7639,2876,4170,4014,4667,3517,5138,3399,11750,3293,10747,2654,6553,3538,20099,20706,14767,1853,9995,6517,6679,3521,6084,6509,2832,6084,5689,6268,5012,22408,8495,2778,2713,-1,1147,423,8695,12238,7739,16916,12320,12534,6569,12511,12530,12541,10245,3517,10396,-1,6132,3375,3313,17516,14081,3650
ど,ど,ド,538,4442,4147,5421,3549,2876,2405,4014,1896,3224,5138,6998,7431,5029,4107,3892,389,386,2509,3094,3503,302,612,2015,2583,768,1672,1964,76,943,875,1191,476,1279,1268,1357,251,18657,356,1132,368,4858,4117,4630,1040,5683,6081,1306,5511,5600,2313,4105,640,2374,820,1238,2791,2309,1664,864
なり,なり,ナリ,554,1684,2647,899,1231,2876,4170,1118,2712,2069,1940,1876,1216,1442,2047,76,686,2344,338,496,701,426,1039,1103,7140,361,5291,5633,14998,824,762,1518,725,1859,1941,120,10158,22460,152,3527,725,1573,1552,1257,289,1217,4001,1157,752,1128,829,17555,1097,1445,257,112,20896,1344,1217,372
よる,よる,ヨル,569,7460,6382,11364,4754,2876,4170,4014,1896,10817,6377,5139,7431,6269,8749,55,516,91,13427,15470,165,463,689,330,8682,571,5926,12130,123,313,289,535,339,17580,18201,883,725,3662,209,9557,450,700,3925,366,1405,753,1521,502,2052,440,13526,545,722,69,162,1123,257,501,521,124
わし,わし,ワシ,577,5687,4679,7212,7639,2876,4170,4014,4667,16460,2939,2907,11750,3974,10747,20105,280,15137,1320,1856,10601,450,551,559,582,366,260,1748,1039,260,242,1689,3392,877,1024,6706,2275,-1,422,1634,520,12189,16995,14964,12271,12487,2115,12463,12483,12494,5446,825,571,8504,929,3234,1563,12792,10740,10823
きれい,きれい,キレイ,580,20704,17146,11364,7639,2876,4170,4014,4667,16460,13585,11052,7431,21702,14260,14928,779,967,481,758,2685,2300,607,578,603,1245,1334,921,491,1334,1239,886,2626,1171,1095,2036,201,-1,8100,1012,674,516,1561,314,415,677,363,331,717,563,544,566,637,4001,1717,1712,382,13406,1866,1284
おっと,おっと,オット,594,1998,1736,4421,1910,1733,1304,2391,1896,1677,2261,1731,4541,1951,2117,1509,645,699,13671,14449,15065,705,486,1606,1652,540,1045,1909,5991,1045,969,1845,4528,1607,1575,1349,1359,4701,540,1033,3202,8892,4849,24151,9018,9351,11953,9280,9320,9323,9094,2755,493,4137,6582,1251,4450,1246,420,4974
ころ,ころ,コロ,600,16266,13258,11364,7639,2876,4170,4014,4667,16460,13585,6998,7431,14238,14260,2334,1001,107,231,246,4044,1719,1475,1430,525,590,961,21344,507,1091,1013,714,1356,3536,3550,1692,729,1695,907,1839,1618,22169,1377,20402,22175,22260,4921,22267,22276,22287,18950,18092,1548,1951,1018,2110,13086,2889,3588,3401
あう,あう,アウ,608,6453,7993,3237,7639,2876,4170,4014,4667,5635,4264,6998,7431,5523,7428,17673,2382,-1,332,446,397,1151,3524,11487,11785,982,6007,2608,336,6731,6295,4597,746,20646,21808,5139,997,-1,1216,4563,1828,18633,2714,13996,18655,18783,20044,18779,18793,18792,16036,274,3691,2810,3050,2485,191,3732,3784,3830
びっくり,びっくり,ビックリ,641,414,371,509,1072,397,513,397,433,388,445,338,620,562,344,23741,1228,3037,4599,1861,1691,1317,1856,1783,1836,1218,2024,1066,814,2024,1877,1028,1378,3249,2763,2381,923,-1,1331,2501,1165,1184,5183,612,1753,3226,1536,454,2351,586,947,1739,1962,7698,1723,2191,810,13865,2247,1160
あらゆる,あらゆる,アラユル,649,10047,7993,11364,7639,2876,1304,4014,4667,16460,13585,11052,5541,8574,10747,3072,2850,-1,938,1551,1781,4358,2559,2297,2367,1277,2036,4630,808,2036,1889,4462,2232,1635,1806,1890,3914,-1,1318,2390,2640,3156,3179,2464,3479,4289,3377,4137,3970,4203,3790,2155,2690,1590,1546,2567,2070,3818,2334,1876
ずつ,ずつ,ズツ,660,506,631,403,375,460,513,412,984,504,615,589,431,555,477,1751,2220,-1,618,1009,832,2798,1811,1320,1360,1027,1716,1288,725,1716,1591,1242,2613,2519,2523,1561,-1,-1,1957,2445,1254,720,780,582,1419,688,1094,825,2058,1038,1443,-1,1911,2486,1073,1800,-1,2016,1407,680
おや,おや,オヤ,689,6453,5365,11364,4754,2876,4170,2391,4667,4862,8594,4109,11750,6269,6427,1672,1467,240,5608,7136,21364,2070,2249,2708,2788,2342,2009,1799,1535,2009,1864,1738,2653,2379,2495,13587,2643,14187,1854,13393,2483,523,18830,292,1287,741,1336,664,1944,186,13893,1410,2377,2656,4012,4855,1287,18187,13469,12453
のう,のう,ノウ,723,13446,10802,11364,7639,2876,4170,4014,4667,16460,5138,11052,11750,14238,10747,18425,792,4377,6005,7897,23802,2399,1625,1913,1967,3154,562,3610,2031,562,519,3482,1928,16577,16452,24458,906,14078,2621,2544,895,1555,1673,19195,2055,484,3983,601,2641,3096,8697,2246,1705,1245,3013,6555,1470,11369,24430,13942
そっくり,そっくり,ソックリ,766,3250,2572,5421,7639,2876,4170,4014,4667,2989,5138,1383,7431,4277,2636,13140,2010,-1,4656,5432,8194,2770,2395,2382,2455,2192,2838,3293,1631,2838,2646,3175,4156,3045,3291,6663,4015,-1,2298,2262,2932,7290,10314,5425,7450,7842,6034,2234,7798,7810,5938,4243,2513,7547,3063,4519,3704,8085,3971,7392
だんだん,だんだん,ダンダン,781,20704,25005,11364,4754,2876,4170,4014,4667,16460,13585,11052,7431,14238,21622,23170,4105,1452,1821,2784,6275,4522,6391,5582,5720,2040,4377,3294,1521,4377,4090,3176,2845,7495,8120,3362,490,-1,1874,4005,3434,525,1247,332,1288,1140,380,376,1945,1017,5288,3700,6665,-1,2461,5454,1909,19830,2421,1475
うえ,うえ,ウエ,808,2319,2048,3701,2451,1733,4170,2391,1428,2435,2091,1876,3327,2009,2743,2460,2911,4,127,153,171,532,3043,3257,7267,1424,4818,2648,50,2210,2051,2559,4625,9084,9215,3029,108,1964,141,1954,2105,219,209,228,195,263,168,482,82,265,273,119,3213,389,1637,142,155,3728,5964,2988
とある,とある,トアル,822,11455,9191,11364,7639,2876,4170,4014,4667,6699,8594,11052,11750,14238,8749,10270,9018,-1,7315,9319,4561,6331,14605,11854,12155,7058,6952,5486,4939,6952,6508,5290,5758,16870,16717,10441,-1,481,3085,6239,9280,7487,10327,5617,7642,1762,10896,7937,7985,7998,5319,2521,15091,4065,4984,6360,3657,8559,7678,6480
つる,つる,ツル,926,8120,13258,5421,7639,1001,4170,4014,4667,6699,6377,5139,11750,14238,5712,12670,1175,2130,8609,8810,16912,893,1659,9471,4885,2768,14769,6437,3639,10173,9537,2183,1981,8117,9317,12129,6374,13684,15367,1145,1553,6335,6822,4982,6520,2613,10135,6866,6888,6930,2620,2300,1780,10059,4258,7515,16187,6587,2733,5580
いざ,いざ,イザ,928,3410,3547,3701,2149,2876,4170,2391,2712,2989,4264,4109,2976,3486,3401,15992,2376,-1,2723,3935,2905,3668,4210,3612,3707,3034,2505,2151,1996,2505,2326,2080,2577,8848,8773,4493,-1,-1,3580,3414,1997,3062,6179,1844,3390,4217,5387,1253,3888,1850,4513,-1,4406,1138,2848,4670,-1,12094,4227,3982
うる,うる,ウル,931,20704,25005,11364,4754,2876,4170,4014,4667,16460,13585,11052,7431,21702,14260,3617,140,-1,634,990,563,484,244,14116,14489,1984,8259,9181,1050,8259,7725,8831,904,-1,-1,2834,2288,-1,655,3488,206,980,2509,547,655,3166,3204,512,907,399,1146,13808,255,7380,18140,2929,6733,3164,2578,4121
つ,つ,ツ,1075,163,170,161,148,127,324,208,288,145,189,173,140,154,173,61,461,1378,3839,89,96,745,388,133,140,427,125,170,9425,125,116,161,584,70,80,635,-1,8690,1176,955,463,62,47,93,91,70,72,136,570,125,185,64,413,333,110,162,97,203,144,79
しょ,しょ,ショ,1096,13446,17146,5421,7639,2876,2405,4014,4667,16460,13585,5139,11750,10632,14260,4152,2615,46,3929,296,1896,3263,3007,7711,707,7808,1240,1294,555,7216,6757,8533,2249,76,88,2419,5115,10831,2146,2860,3433,834,787,852,1492,694,478,2734,1236,1053,302,1060,3163,1105,13647,3661,1186,9817,5972,7736
どころ,どころ,ドコロ,1165,3599,3028,5421,4754,2876,2405,4014,1896,3517,4264,3399,3839,3136,4411,9739,3596,-1,1440,2293,3162,4559,5408,2087,2147,3239,1264,1996,821,1264,1176,1928,3242,3167,3192,3806,-1,-1,3975,3015,3627,4758,7139,3290,4996,5597,5673,5469,5414,1297,3345,-1,5675,3111,1020,4675,-1,19368,4143,2852
くう,くう,クウ,1174,2467,4377,899,7639,2876,4170,4014,4667,16460,762,11052,11750,1477,8749,14368,914,-1,1193,1622,20727,511,1068,5364,5496,3349,3007,2343,3779,3007,2804,3603,374,-1,-1,23239,2652,-1,731,2631,728,2209,4627,1353,747,3687,1373,1768,3155,3489,10649,661,1126,2241,6891,15201,15619,9581,5028,12642
すう,すう,スウ,1202,2944,2722,4421,2913,1259,4170,759,1168,2989,2447,6998,11750,2575,3401,16168,2522,-1,1696,11245,3205,140,4183,13540,5075,8154,11792,7772,3154,19805,18561,8900,1678,-1,-1,20879,94,-1,1513,11833,2432,1707,7480,19339,2184,3417,2436,3133,2754,3193,11285,6069,4392,3431,19376,23247,1969,14170,8800,19688
ゆったり,ゆったり,ユッタリ,1314,6881,5828,7212,7639,2876,1688,4014,1896,8262,5138,11052,11750,5523,8749,23497,19978,-1,4549,5267,2969,8476,18715,15962,16380,5830,19919,16926,4760,19919,18668,16263,6809,19410,21485,6773,1080,-1,8555,17306,15507,5532,23353,3358,5738,6260,9640,6140,6133,6204,4371,4710,19271,-1,5273,11941,5103,23627,11765,6621
ちん,ちん,チン,1326,3322,2647,5421,7639,2876,4170,4014,4667,2435,3728,2276,7431,7239,2267,15845,4231,377,16788,12962,15046,3632,6577,9745,5646,9247,6972,4535,3086,2841,2647,3510,974,-1,20911,7867,18350,6478,2895,7872,3671,17949,24008,15319,17974,18112,19434,18104,18116,1404,9203,18259,6840,-1,8622,2111,3947,7759,13532,7333
へん,へん,ヘン,1348,525,459,2034,566,1733,4170,4014,278,616,315,1731,868,412,749,12855,566,99,4337,5919,8733,434,1109,1516,1562,1050,1898,2231,1001,1898,1764,2160,1789,5144,4276,3131,320,3758,722,4165,1144,6205,6231,7136,6395,6868,1615,6742,1575,2133,5013,735,1188,7829,2031,2936,229,11368,1812,694
ぽん,ぽん,ポン,1388,2809,2919,2363,3549,1259,4170,4014,1896,2798,2091,3399,3327,2691,2912,24739,8435,-1,9438,8282,12898,3992,9068,12183,6710,6504,11349,7811,3175,11349,10645,7516,3203,-1,-1,9587,-1,-1,5395,13205,10422,3119,3714,2347,3443,4259,2253,1889,3938,4174,4933,3492,9437,-1,6929,8466,2796,16511,6471,4778
ちゃう,ちゃう,チャウ,1439,56,57,57,73,58,54,71,52,58,63,45,65,64,56,21567,87,-1,272,425,543,2435,153,154,162,499,119,81,839,119,110,75,91,-1,18111,1510,-1,-1,13231,3567,166,171,815,119,60,454,249,73,169,93,165,-1,161,347,303,374,-1,4417,115,101
かた,かた,カタ,1449,20704,17146,11364,7639,2876,4170,4014,2712,16460,13585,11052,11750,14238,21622,7525,6761,310,788,1239,7168,2805,4289,5464,1980,1094,2514,1954,264,8935,8367,5469,5957,6624,6589,3229,645,19338,523,2121,11014,2585,4496,1554,2955,3913,7618,3708,3469,3762,2936,369,4487,3392,2584,4515,367,7243,5627,2130
こん,こん,コン,1454,16266,13258,11364,7639,2876,4170,4014,4667,8262,13585,11052,11750,10632,21622,12592,3931,3217,6980,17960,11764,1481,5705,4536,17171,7884,4983,6408,6443,2673,2486,3565,6079,5264,5354,3538,4654,16896,2458,4361,4555,16327,15657,11770,16365,16520,18014,16506,16529,16529,6934,23248,5982,7641,5249,3456,-1,10453,4346,1597
ねん,ねん,ネン,1462,673,596,1027,1342,2876,1304,4014,481,935,329,3399,2095,677,690,3950,1148,115,3311,4640,11343,117,1355,1183,1219,3955,1971,2106,2477,1971,1830,2036,8260,5890,4742,9712,1013,948,118,14389,823,8893,8711,13301,9019,1774,1888,9281,9321,9324,2021,206,1436,3119,5733,2477,250,6650,8624,1106
あわ,あわ,アワ,1497,20704,17146,11364,7639,2876,4170,2391,4667,16460,13585,11052,11750,14238,21622,17367,16922,2084,5874,7062,7216,9579,13031,9893,5795,16890,11445,9631,1868,20936,19617,21178,7978,21287,7275,10490,1520,-1,4849,4476,13358,5902,8620,4038,6097,6597,9859,6466,6483,6532,5523,4466,13498,-1,4694,8304,3359,22807,6186,5473
たり,たり,タリ,1604,122,125,132,137,87,122,144,156,115,151,149,108,129,121,291,221,-1,83,108,68,2178,236,279,291,129,376,198,77,376,347,189,164,391,410,156,-1,-1,1772,1042,265,84,256,62,87,194,135,68,375,76,161,-1,245,631,139,124,-1,244,106,81
つう,つう,ツウ,1650,62,60,63,56,93,75,50,54,64,58,60,57,52,72,14037,2400,483,277,433,551,1693,3741,370,163,15210,80,96,3322,292,271,315,5586,757,787,13116,7100,19301,2655,3033,1812,334,883,210,1007,1355,304,325,171,154,795,9033,3919,3724,416,12507,9313,18332,4566,1193
たん,たん,タン,1681,2944,2418,5421,3549,2876,1050,1705,481,10817,2692,6998,5541,2691,3234,11715,710,580,23727,13784,11805,22844,976,6171,6328,2922,6890,3022,2062,6890,6446,2915,1474,14320,18508,3837,2854,16347,12778,12806,1258,1963,1400,4334,2396,202,8152,1189,2960,3334,3041,6860,1029,9562,9337,1880,10024,6226,1719,1821
ぶん,ぶん,ブン,1725,16266,17146,7212,7639,2876,4170,4014,4667,16460,8594,6998,11750,14238,14260,5715,5026,102,1001,219,17691,239,4012,5879,278,1946,614,660,206,9548,8952,8275,3668,13876,14985,6133,395,6137,477,6605,11525,18722,17822,15391,18744,18871,20121,18867,18880,18879,350,20892,4189,506,5366,5457,16443,7447,3448,3866
とく,とく,トク,1737,170,191,135,147,207,232,147,227,196,149,141,162,177,160,12603,311,56,1770,2707,3304,11315,339,295,308,1030,280,244,1074,280,259,231,681,322,365,5953,1670,9176,9779,14097,411,900,1397,707,1543,3141,384,297,96,1061,1250,1772,364,1683,1351,1976,1731,5500,1276,573
ほお,ほお,ホオ,1820,4252,3914,4421,4754,2876,4170,4014,4667,8262,2447,3399,4541,3486,5712,19389,5877,506,2505,2828,7966,2953,7558,7424,7065,9829,6572,5239,598,5362,5004,4425,8403,10341,9779,23372,1171,8141,759,4630,3672,11597,24745,8797,11684,11912,14040,11888,1655,2324,7237,643,7882,9652,14940,14969,368,14194,15457,11495
おす,おす,オス,1841,13446,13258,11364,4754,2876,4170,4014,4667,10817,8594,11052,7431,8574,21622,9860,4669,1685,723,1114,1101,1439,13126,4915,16383,4292,1370,6463,467,8574,8021,3898,9742,17721,15532,6148,518,16852,1126,17019,9072,22371,1445,16568,22376,22457,23443,22467,22477,22485,891,1170,13586,7130,10334,19050,762,22356,16036,10821
こだわり,こだわり,コダワリ,1929,3410,3028,3701,4754,2876,2405,2391,2712,3224,4264,3399,3327,3136,3849,11918,8370,-1,4798,6043,2522,5013,10238,7696,7887,15990,11380,8796,9422,11380,10674,8456,10664,15866,14623,4502,13986,-1,12549,7575,8694,5147,4028,5095,5364,5929,9423,5810,5776,5856,2401,8595,10641,5411,10659,6264,7002,12093,7410,5167
ちい,ちい,チイ,1965,6453,5365,7212,7639,2876,2405,2391,4667,6699,4264,6998,11750,4621,10747,1561,7011,1737,1780,2253,24038,3724,8690,12707,13035,16651,7411,4278,6957,12972,12157,14503,10965,3947,3965,24164,11259,22729,2613,1950,8036,4453,3801,4436,4704,5328,2570,5199,5130,5259,22657,21557,9035,-1,3027,11386,16315,23314,15380,5393
はる,はる,ハル,2060,1319,1192,1491,2149,2876,1688,4014,2712,4323,541,2540,2443,2575,930,8091,918,335,3169,4444,9134,517,1778,3256,3346,1437,4613,1355,2260,4613,4313,1308,3194,4260,4151,9359,1273,15304,1255,15467,1492,2579,2513,4941,2949,119,2236,3703,3465,3758,4091,855,1869,3729,3075,5991,805,2680,5643,4627
へい,へい,ヘイ,2094,3170,2722,3701,4754,2876,904,4014,984,6699,2939,2907,4541,2970,3401,13174,1446,2576,15825,16684,8963,2500,1328,3721,3821,656,3041,5642,2011,3041,2836,5440,1724,12418,12325,4527,9546,20616,994,6167,4494,19248,14353,24616,19265,19390,20606,19385,1090,19399,19734,532,1320,1447,9527,2540,1816,956,1405,4663
マスコミ,マスコミ,マスコミ,2111,11455,9191,11364,7639,2876,4170,4014,4667,16460,6377,5139,11750,14238,8749,5377,3853,-1,2661,3251,4025,2584,3837,3486,3580,4847,14698,10573,4132,14698,13789,10167,13170,4840,5463,1961,-1,16126,5005,9930,6174,3536,4638,2468,3835,4575,3400,4444,995,1906,4534,15196,4029,-1,5390,4535,10563,5887,4071,5162
べし,べし,ベシ,2142,1086,1390,983,566,1733,1304,686,1896,1381,1462,1383,729,878,1443,11347,422,-1,126,170,233,10295,208,207,216,239,342,539,133,342,316,517,286,-1,-1,5365,-1,-1,4335,8158,405,571,465,691,1313,962,651,810,1974,1473,429,-1,215,371,223,6454,-1,704,391,302
けん,けん,ケン,2164,5116,5005,5421,3549,2876,4170,2391,4667,5635,6377,2540,7431,7239,4107,1990,758,2625,11459,13640,19629,578,472,3829,4955,1252,8536,11221,1163,8536,7988,6767,1181,17750,16257,8260,4610,3133,1875,6417,1196,12287,11820,10515,12369,12580,6575,12560,12576,12590,12360,698,454,7822,8775,3883,799,2061,1589,4131
どうこう,どうこう,ドウコウ,2192,4649,4679,3701,4754,2876,2405,1705,4667,4323,5138,4109,7431,3293,8749,5065,10619,3927,19342,18071,11993,4166,14165,11674,11973,15089,6189,7778,8949,6189,5786,7483,4832,20718,19120,12911,6304,-1,4504,10364,5946,7953,8123,6610,8098,8460,6110,8379,8430,8434,16694,4559,14703,1860,14205,17286,3351,5617,14098,8122
わん,わん,ワン,2249,2944,2647,2617,7639,2876,788,4014,2712,3517,5138,4109,2095,8574,1876,18163,8196,4793,23092,15572,9355,983,15156,17579,18049,17080,13132,11634,4361,13132,12307,11185,6863,7775,7704,9760,17965,-1,11719,11086,6982,14931,10649,15081,14988,15149,16815,15138,15162,15161,6435,12161,15730,7148,17475,7768,8673,10262,10436,8994
もち,もち,モチ,2325,16266,25005,5421,7639,2876,4170,4014,4667,16460,13585,5139,11750,21702,10747,7287,4695,3039,5241,6895,19530,5267,7099,24172,7043,3787,7682,3655,5466,17175,16094,3525,1780,15774,17713,4659,6178,22886,2405,9045,8805,15787,23260,11035,15831,15990,17538,15974,16004,16001,23918,2002,7391,-1,15390,3315,21517,8358,5715,6554
ちゅう,ちゅう,チュウ,2440,6059,4679,11364,7639,2876,4170,4014,2712,3517,6377,11052,11750,14238,4107,3253,1857,2110,5755,22741,16517,19801,2181,4200,5864,2291,11093,7075,1741,3838,3583,4826,1370,22417,16885,12657,5852,20116,2896,18913,10288,14048,12995,10051,14112,14288,16063,14274,14293,14297,12876,17330,2285,-1,8008,11113,1960,6566,18045,8845
あご,あご,アゴ,2455,6453,5005,11364,7639,2876,4170,4014,4667,16460,4264,11052,2976,21702,4107,9516,15830,2148,2788,3826,19932,6799,8643,7732,6830,5428,9247,8903,1186,14564,13660,22528,9573,13012,14574,16108,3008,-1,1554,15061,12258,5047,4793,4633,5267,5845,3485,5720,1015,5766,5891,1777,8989,9294,8653,14946,1890,7210,15273,9800
くら,くら,クラ,2501,16266,13258,11364,7639,2876,4170,4014,4667,8262,13585,11052,11750,21702,10747,15357,8208,2210,18783,21936,16365,5416,5540,7729,14816,6490,4245,1149,2282,6411,5994,5412,8610,9235,10004,9761,20628,-1,5487,7822,5070,23010,16283,17916,23014,23090,24010,23101,23109,23117,23272,21113,5798,-1,24631,8035,12207,8519,20523,9815
がん,がん,ガン,2734,6453,5365,11364,4754,2876,4170,1705,4667,5635,5138,6998,11750,5029,8749,4504,1853,355,1836,18435,5118,7077,2742,4127,15324,7574,8530,12805,1320,11214,10520,7223,6635,8750,6648,4497,19881,8130,9253,6760,2754,8971,8715,7844,9097,9425,12012,9358,1057,9398,8967,9106,2884,9286,7604,2809,8636,4690,4780,4039
ふえ,ふえ,フエ,2762,10047,9191,7212,7639,2876,2405,4014,4667,10817,13585,4109,11750,10632,8749,12664,18505,2167,8002,9106,15524,5297,16772,22450,7189,3828,5353,6367,3849,5353,4997,6253,5622,9683,9525,6246,16239,18528,3769,8709,10420,7783,16517,5989,7934,8304,11116,8215,8270,763,10792,8220,17305,-1,6099,13950,5015,8342,10894,11215
うら,うら,ウラ,2776,10047,7993,11364,7639,2876,4170,4014,4667,16460,13585,6998,3839,7239,14260,10501,1091,418,15410,16563,24725,1051,1334,5574,5712,985,5195,4989,2005,5195,4845,4808,1549,1166,1250,1587,314,14765,1186,5842,1178,2190,4001,1375,2600,3677,1301,1207,3140,1736,12815,15394,1392,4017,15556,11371,9589,1382,790,7684
かん,かん,カン,2799,6881,5365,11364,7639,2876,4170,4014,4667,5635,4264,6998,11750,6269,7428,3539,2330,39,4512,21072,13020,3032,1393,2105,3798,3931,18553,837,400,3421,3193,2205,5539,7013,6141,4162,591,4310,2299,3562,3670,12464,11838,12244,12544,12753,4683,2382,12746,12762,19097,397,1460,3728,4134,2518,22615,3592,5628,2131
そうこう,そうこう,ソウコウ,3107,20704,17146,11364,7639,2876,4170,4014,4667,16460,8594,11052,11750,14238,21622,2425,16931,10772,12847,14686,11720,24611,19467,13320,13667,19590,18294,7713,6784,18294,17149,7421,8380,7851,8561,13316,9061,-1,7825,9615,20303,4585,23262,2683,4828,2483,9117,5315,5255,5368,13446,5636,20018,1203,10851,12076,7567,2217,10025,17644
いと,いと,イト,3211,16266,25005,5421,7639,2876,4170,4014,4667,16460,13585,11052,5541,21702,10747,5544,6467,1073,2528,3014,5151,556,7423,15523,4141,4792,1916,9599,1129,1916,1780,11269,6975,12113,12160,10448,1310,21152,493,15513,6804,3771,15042,2524,4054,4762,1598,4637,1481,4689,4006,16081,7766,7669,14694,7752,8679,18039,5817,15960
かし,かし,カシ,3342,20704,17146,11364,7639,2876,4170,4014,4667,10817,13585,11052,11750,21702,14260,3799,16365,1834,10304,2130,6192,7391,12547,15604,24652,8887,20563,15124,1560,20563,19272,14531,11011,15799,14385,6911,14633,13742,5845,13800,11336,1527,4622,788,2035,3340,5201,1638,2616,1634,18339,1279,12996,-1,17085,5446,1109,17061,17918,19746
こく,こく,コク,3546,6881,5365,11364,7639,2876,4170,4014,4667,6699,6377,3399,11750,8574,5712,4203,8642,2519,9472,11067,12286,11805,10295,5473,11590,10240,6556,20065,2532,2896,2698,3488,7723,18370,22061,15769,5855,-1,4184,21159,6860,9354,13539,6681,9473,9783,12301,9724,9763,9761,7786,11784,10721,6236,21197,9897,5451,15916,18493,12249
きゅう,きゅう,キュウ,3583,11455,9191,11364,7639,2876,4170,4014,2712,8262,13585,11052,7431,10632,10747,6007,8485,121,990,1156,1418,2056,3459,5511,24884,14622,821,597,311,24556,23014,14292,6516,311,330,16164,678,11710,3464,12856,9685,1805,3170,1095,2264,1035,1815,1695,2830,1676,22104,19469,3627,1220,18628,11375,5541,7941,1092,10982
ぎり,ぎり,ギリ,3668,3492,3028,5421,3549,2876,4170,4014,2712,1980,8594,5139,4541,4621,2912,11490,6599,1932,6840,7306,9594,4717,5267,3717,3817,4877,18157,19161,3480,24034,22531,18416,6396,4440,5102,11142,5677,-1,3871,14719,13370,4829,3803,4715,5064,5658,9246,5534,5483,5578,10080,17268,5483,7217,15665,9709,23806,20011,12648,12155
ちゃ,ちゃ,チャ,3675,20704,25005,7212,7639,2876,4170,4014,4667,10817,13585,11052,11750,14238,21622,11733,149,497,3502,1336,6135,380,246,419,1287,482,1141,12901,450,295,274,314,168,217,226,1310,8274,8566,735,1840,254,4432,2430,842,4685,5310,9037,5182,5111,5239,1162,19128,260,549,843,388,12359,3462,568,789
ゆとり,ゆとり,ユトリ,3722,5383,6382,2894,7639,2876,1688,4014,4667,4862,3728,11052,7431,5523,5172,24396,9418,-1,4354,5379,5888,6494,18568,17455,17922,11095,9748,19146,8132,9748,9140,18401,17117,-1,-1,6625,-1,-1,11486,21416,19134,5297,7149,3655,5506,6061,9511,5937,5915,5990,7168,17057,19129,-1,14334,9627,12668,20992,18194,11427
てん,てん,テン,3768,2809,2107,11364,4754,2876,4170,4014,2712,2798,1344,6998,7431,3974,2188,7930,1764,257,247,174,22809,446,1942,3891,3992,7177,8330,6912,1688,8330,7794,6651,4064,18900,14000,6829,1762,5070,515,8479,2571,194,16015,406,1107,211,225,779,1130,782,12886,653,2049,2016,18466,1437,708,5512,5763,4782
うむ,うむ,ウム,3782,10047,10802,5421,7639,2876,2405,4014,4667,16460,4264,11052,11750,8574,10747,13451,1018,3571,7111,7055,16687,397,2170,3050,3138,2361,935,2980,2063,935,868,2875,708,6296,6734,11012,5376,-1,395,1505,1265,2102,19244,1161,2519,2136,5262,3375,3069,2527,8674,2355,2274,7752,2380,8308,2137,9750,7531,13735
ばん,ばん,バン,3796,4442,4679,3701,3549,2876,4170,4014,2712,3517,8594,2907,5541,5523,3849,8411,4644,1185,15346,16387,1381,990,3681,6121,6277,7752,10443,8277,1812,10443,9790,7964,8542,465,500,8644,1300,21739,2376,5891,8441,7928,10345,6609,8073,8437,3044,8356,8407,8411,11275,7786,3848,9788,23855,6901,7868,5703,20733,12511
ほうほう,ほうほう,ホウホウ,3903,11455,25005,11364,2451,2876,4170,4014,4667,16460,13585,11052,3839,21702,7428,594,821,582,240,238,128,965,516,503,521,861,24197,1276,600,703,650,1230,1194,321,361,332,948,7237,931,9430,11890,210,142,558,1113,299,959,286,1825,545,220,606,530,770,24527,357,879,721,305,10208
しも,しも,シモ,4062,5687,9191,3701,2913,1733,2405,4014,4667,5635,6377,11052,3327,4621,7428,3280,1747,2218,3742,1784,2234,2470,5130,6224,6381,2951,4944,4309,1203,4944,4611,4154,5463,5088,5418,17871,-1,-1,3302,24044,3103,1536,1092,2295,2042,1020,1448,1642,2625,1637,4766,17619,5356,-1,2330,5892,22774,7331,7670,2876
がく,がく,ガク,4198,16266,13258,11364,7639,2876,4170,4014,4667,8262,13585,11052,11750,21702,10747,8641,19381,527,834,397,1241,3149,6334,8891,2360,18964,16680,15360,22694,21391,20052,11817,13484,2592,3005,16677,2826,20886,1032,12092,19635,10890,6916,13361,10985,11236,13481,11204,11238,11241,658,16126,6591,10071,1087,13291,9619,7251,22055,19967
ます,ます,マス,4332,40,44,36,26,24,46,44,62,35,62,51,27,40,42,1083,17,11297,12,14,8,77,19,18,19,26,26,24,41,26,23,21,30,10571,-1,16,1555,19190,24949,2715,2954,10,7,14,32,6,8,26,9,27,15,1642,19,14,26,21,1093,551,12,10
みかん,みかん,ミカン,4612,8967,25005,11364,1910,2876,4170,4014,4667,16460,13585,11052,2976,5523,21622,22746,5752,5270,6402,5806,10144,13148,5628,9303,9544,14660,9315,7562,9877,9315,8729,7691,19917,20526,23882,9897,13861,19933,11598,15103,8192,6153,10261,4217,6344,6822,5881,6697,6714,6759,4527,13101,5875,-1,14801,8043,9633,14140,16240,6437
だん,だん,ダン,4705,20704,17146,11364,7639,2876,4170,4014,4667,10817,13585,11052,11750,21702,14260,6170,983,2517,6902,1101,5762,3866,2519,10724,11000,1816,22693,9950,1566,22693,21272,9574,8347,21593,1669,1554,16685,-1,3832,13706,1582,21494,18210,17575,21502,21596,22655,21604,21607,21621,16764,16649,2646,1632,21707,1643,17311,459,3957,10032
ちく,ちく,チク,4847,20704,17146,11364,7639,2876,4170,4014,4667,16460,8594,11052,11750,14238,21622,354,7979,12537,3869,969,2143,3750,11385,3095,23622,14932,4342,4813,3591,4342,4055,4638,6176,2389,2622,11174,11866,3141,4283,8236,7158,2911,5731,1703,3249,2297,8408,3957,3752,4006,2935,6425,11802,1740,5808,5685,16581,6714,2443,20956
さかい,さかい,サカイ,4854,20704,17146,11364,7639,2876,4170,4014,4667,16460,8594,11052,11750,21702,14260,17207,3085,1319,10365,12577,9068,2431,9418,8847,9074,5722,16590,15770,8981,16590,15538,15150,14021,19881,18323,8604,12153,3803,5603,9912,7750,5802,18742,20884,6000,6504,2603,6373,6387,6447,15454,7677,9797,7407,11513,11109,6330,17159,11117,10147
おおい,おおい,オオイ,5729,3966,3264,5421,7639,2876,2405,4014,4667,6699,2261,5139,3839,2970,6427,265,17231,-1,11326,13340,75,229,6965,15724,3114,10404,1435,1440,5415,7434,6954,10140,14241,20110,20345,20827,656,-1,173,13881,2522,24889,18644,123,24890,3014,126,24957,24971,24978,16898,187,7258,366,18247,11924,347,8446,11652,9382
さく,さく,サク,6098,16266,17146,7212,7639,2876,4170,4014,4667,16460,13585,6998,7431,14238,14260,10827,7157,3225,7363,2184,11331,4290,4487,7450,24014,9028,20346,10695,1965,23522,22048,7085,7107,2188,2391,13155,8699,1833,4375,19778,5198,3931,3658,3324,4205,2428,7469,4772,4658,4825,9622,7593,4699,9621,8784,11380,7367,6659,12990,8296
さら,さら,サラ,6241,6881,17146,2617,4754,2876,4170,4014,4667,10817,8594,6998,2976,5523,8749,11833,12465,1522,2717,19306,10517,3407,10875,22447,9457,12139,13818,8412,1205,2296,2131,2779,11211,1453,1583,10436,2917,-1,1976,7418,15806,12638,17049,9320,12712,12922,6608,12896,12914,12926,7086,6105,11286,6680,2443,4343,4998,11426,6551,12916
まめ,まめ,マメ,6249,3599,2722,11364,7639,2876,4170,2391,4667,3224,6377,1731,7431,5523,2743,7128,11588,1609,8945,9782,9966,2867,16372,17110,17569,17037,22682,15109,8888,22682,21261,14517,24200,3419,3660,12920,3427,15911,3291,8143,15502,11180,24604,7644,11271,11512,13703,11485,11515,11522,6630,15381,16900,7633,4919,14155,9946,17650,24606,17394
もり,もり,モリ,6272,13446,25005,4421,7639,2876,4170,4014,4667,16460,13585,4109,11750,21702,8749,6323,1040,622,1076,1549,14771,1582,1021,7766,21748,729,932,10281,1226,19496,18274,3854,1172,19143,21558,12741,1745,2762,883,12067,594,2136,5532,1169,2550,3649,8183,3393,3096,3437,2176,292,985,119,755,6558,23700,623,1279,18926
むき,むき,ムキ,6654,16266,13258,11364,7639,2876,4170,4014,4667,10817,8594,11052,11750,21702,10747,5129,12231,-1,3202,4326,4863,12177,20013,22262,9731,6000,8450,5321,2097,19527,18302,12962,12317,21159,5192,19873,3334,-1,6934,15861,19706,5693,4672,5393,5894,6405,3557,1332,6280,1317,22336,14235,20562,3539,14161,20380,5652,5507,22472,2357
ひょう,ひょう,ヒョウ,8104,16266,13258,11364,7639,2876,4170,4014,4667,16460,8594,6998,11750,14238,14260,16669,17869,22748,16495,2854,4416,8115,7382,10439,12984,21110,15400,10627,7852,23231,21778,10219,7599,3094,3697,22445,14831,-1,15481,21070,12089,2357,1555,3637,2746,1257,8246,3544,3282,3594,2773,7245,7700,2351,8850,3435,6849,16114,3725,2908
あい,あい,アイ,8373,2278,1930,2894,4754,1733,1688,4014,4667,1566,2939,2276,3839,2144,2450,4482,2020,309,13594,15410,12577,236,3377,2844,2929,3826,1751,2073,1592,1751,1625,2003,3271,9115,8745,3023,229,4370,811,6245,2805,22914,12514,2204,22918,22994,23927,23005,23015,23022,8699,2008,3551,2254,3897,2806,748,4436,7944,2045
しんしん,しんしん,シンシン,8385,20704,17146,11364,7639,2876,4170,4014,2712,16460,13585,11052,11750,14238,21622,12513,19251,5786,3943,3943,3693,21501,15844,13076,13415,11141,23252,19862,11602,23252,21798,19090,9942,24810,24136,7583,24376,-1,11877,15462,16806,10424,11707,7908,10528,10801,13111,10754,10793,10787,7135,11024,16327,9743,8794,11658,7848,11805,8021,9015
かち,かち,カチ,8587,11455,17146,7212,3549,2876,4170,2391,4667,16460,13585,11052,4541,8574,14260,1915,2053,1212,1118,822,720,2093,1425,19861,1236,1949,18545,22358,15981,1876,1743,15492,2520,739,798,696,2050,23002,2485,12350,1866,1116,1014,1048,1701,3207,1005,1558,1271,844,20222,21662,1493,1024,1257,16295,18392,2826,1312,1000
おつ,おつ,オツ,8650,20704,25005,11364,4754,2876,4170,2391,4667,16460,13585,11052,11750,14238,21622,7123,16600,3349,11477,8565,10013,2852,17727,23452,24075,7878,17908,15700,5730,17908,16783,15083,17617,2011,2629,8347,9851,9851,3542,20944,12063,12520,6657,24268,12597,12809,14774,12784,12799,12817,3830,16026,16129,1665,8119,3826,22317,5026,6148,336
ばしゃ,ばしゃ,バシャ,8771,16266,13258,11364,7639,2876,4170,4014,4667,16460,13585,5139,11750,10632,21622,6940,10139,2481,6904,6724,16927,16254,6173,5284,5415,1675,8051,19998,3706,8051,7529,19221,7863,5706,5197,13249,9304,-1,1850,7694,8781,7367,23612,4696,7526,7914,10814,7826,7868,7885,17938,396,6406,-1,1697,11728,21214,8366,7920,15848
かま,かま,カマ,9711,16266,13258,11364,7639,2876,4170,4014,4667,16460,13585,5139,11750,21702,10747,14437,5981,4411,7466,17343,13840,14326,6101,16552,8095,8379,8602,9289,3463,8602,8048,22757,12956,1810,2286,10409,19713,-1,10081,10324,9572,17370,16597,12750,17400,17540,18928,17534,17543,17558,15353,3921,6360,-1,6810,9460,5682,14290,12069,24281
かぶ,かぶ,カブ,9931,20704,17146,11364,7639,2876,4170,4014,4667,16460,13585,6998,11750,21702,14260,3317,5630,2938,2303,1468,2789,3830,3861,14341,14722,5607,23163,11604,4729,23163,21713,11156,14210,4714,4746,17983,13598,375,4956,14247,9324,5604,5236,5230,862,6324,5807,6202,6201,6268,1213,9066,4011,4021,5745,20907,9599,2954,3884,17382
じく,じく,ジク,9943,20704,17146,11364,7639,2876,4170,4014,4667,16460,13585,6998,11750,21702,14260,2027,8565,4701,4062,3269,3841,13524,14742,9055,9289,7690,8378,6064,4472,8378,7840,5843,12210,9748,10571,3666,8782,23421,8146,19089,8679,1495,862,7087,2009,1210,3975,1631,2586,3058,3454,7800,15284,-1,6495,3355,6255,1970,4604,2500
むち,むち,ムチ,10354,20704,25005,7212,7639,2876,4170,4014,4667,16460,13585,6998,11750,21702,14260,19166,20816,2679,6860,8138,19385,16634,22182,23612,7554,3489,7015,19933,2756,17957,16831,19159,7405,7536,8895,17158,1886,-1,3981,11573,21660,9837,8747,8278,9953,10241,12676,10188,10223,10220,12494,3903,18449,-1,4628,13671,23625,10129,7383,10648
ぶし,ぶし,ブシ,10528,20704,17146,11364,7639,2876,4170,4014,4667,10817,13585,11052,11750,14238,21622,4187,3070,2079,3319,3271,8677,2588,7823,10518,10784,2346,4542,2103,11659,4542,4248,2033,4995,14074,15750,7340,22200,12152,2446,12704,4145,12293,13777,14972,12375,12586,2358,12565,12582,12596,8237,12145,7737,-1,23648,9565,7903,3199,8571,8438
